rang,city,n_dock,n_semi,n_ff,n_total,n_operators,n_dock_ops,total_cap_dock,E_dock,n_types,density_dock,dock_names,population,dock_per_1k_hab,cap_per_1k_hab,S_ville,C1_S,C2_E,log_density,C3_D,log_per_hab,C4_P,C5_M,IMD,revenu_median_uc,taux_chomage,part_cadres,part_diplomes_sup,part_sans_voiture,taux_pauvrete,part_velo,fub_score_2023,fub_rank_2023,emp_part_velo_2019,infra_cyclable_km,infra_cyclable_km_per_km2,gtfs_stops_within_300m_pct,eco_avg_daily_bike_counts,baac_accidents_cyclistes,baac_accidents_cyclistes_per_100k,fragilite_sociale,niveau_socio,quadrant,desert_score,IMD_attendu,IES,cluster,typology,region,department,quadrant_simple,IMD_bs_mean,IMD_ci95_low,IMD_ci95_high,rang_ci95_low,rang_ci95_high,pct_top10
1,Bordeaux,225,99,9597,9921,5,1,4520,0.7834,3,1.89,Le Vélo par TBM,264000.0,0.8522727272727272,17.12121212121212,0.3966,0.3966,0.7834,1.0612565021243408,0.6521667549281008,0.6164133863285559,0.4168708048092928,1.0,0.7872,20500.0,10.5,24.0,50.0,30.0,18.0,4.0,3.46,3.0,4.9,323.07,6.54,,5500.0,45.0,17.0,0.2735,0.7434335839598998,"Villes Favorisées
Bien Équipées",37.376,0.4327016491819302,1.8193,1,C1 — Villes Moyennes,Nouvelle-Aquitaine,Gironde,Favorisée,0.7873,0.6515,0.907,1.0,2.0,100.0
2,Marseille,221,98,2071,2390,4,1,5190,0.8403,3,1.74,levélo - Marseille,873000.0,0.2531500572737686,5.945017182130584,0.3778,0.3778,0.8403,1.007957920399979,0.619413539267355,0.2256604271423243,0.1526106440301872,1.0,0.7547,16500.0,17.0,15.0,35.0,20.0,30.0,0.8,2.49,11.0,1.2,221.84,0.922,,,15.0,1.7,0.371,0.5351503759398497,Mobilité Inclusive ★,39.284333333333336,0.3701738009699407,2.0388,0,C0 — Villes Fragiles,Provence-Alpes-Côte d'Azur,Bouches-du-Rhône,Inclusive,0.7544,0.5812,0.8968,2.0,4.0,99.8
3,Nantes,124,0,41,165,2,1,2467,0.8091,2,4.09,Naolib,323000.0,0.3839009287925696,7.637770897832817,0.7855,0.7855,0.8091,1.6272778305624314,1.0,0.3249062713909122,0.2197290679377342,0.6666666666666666,0.6624,22000.0,8.5,26.0,52.0,30.0,14.0,5.0,3.71,2.0,4.7,353.32,5.419,,4800.0,20.0,6.2,0.2435,0.7916290726817043,"Villes Favorisées
Bien Équipées",37.792,0.4561495922614262,1.4522,1,C1 — Villes Moyennes,Pays de la Loire,Loire-Atlantique,Favorisée,0.6614,0.5568,0.7408,1.0,6.0,99.7
4,Lyon,452,201,1404,2057,3,1,9457,0.8124,3,0.01,Vélo'v,1400000.0,0.3228571428571428,6.755,0.0215,0.0215,0.8124,0.009950330853168,0.0061147092809154,0.2797938996027747,0.1892202711606423,1.0,0.6602,22500.0,9.5,28.0,50.0,35.0,18.0,3.5,3.28,5.0,3.2,406.12,8.478,,6800.0,141.0,10.1,0.2625,0.8057894736842106,"Villes Favorisées
Bien Équipées",37.79933333333334,0.4639655732879249,1.423,1,C1 — Villes Moyennes,Auvergne-Rhône-Alpes,Rhône,Favorisée,0.6605,0.4338,0.8592,3.0,16.0,89.6
5,Rennes,57,55,0,112,2,1,1410,0.8574,2,2.9,LE vélo STAR,222000.0,0.2567567567567568,6.351351351351352,0.6312,0.6312,0.8574,1.3609765531356006,0.8363516835138166,0.2285343999490862,0.1545542672277474,0.6666666666666666,0.6213,22000.0,8.0,27.0,55.0,28.0,15.0,6.0,3.38,4.0,5.2,257.81,5.115,,4200.0,64.0,28.8,0.245,0.8152005012531327,"Villes Favorisées
Bien Équipées",37.929,0.4561495922614262,1.3621,1,C1 — Villes Moyennes,Bretagne,Ille-et-Vilaine,Favorisée,0.6203,0.5149,0.6908,4.0,9.0,98.6
6,Lille,268,77,0,345,2,1,5153,0.8162,2,1.51,V'lille,236000.0,1.135593220338983,21.834745762711865,0.4118,0.4118,0.8162,0.9202827531436926,0.5655351138321708,0.7587444630457585,0.5131271026386977,0.6666666666666666,0.6067,17000.0,16.0,19.0,42.0,42.0,28.0,2.5,3.07,6.0,2.5,252.65,7.26,,3800.0,27.0,11.4,0.35,0.611453634085213,Mobilité Inclusive ★,39.37766666666667,0.3779897819964394,1.6051,0,C0 — Villes Fragiles,Hauts-de-France,Nord,Inclusive,0.6067,0.5475,0.661,3.0,10.0,98.6
7,La Roche-sur-Yon,0,31,150,181,3,0,0,0.8304,2,2.06,—,55000.0,0.0,0.0,0.6159,0.6159,0.8304,1.118414915964289,0.6872919270200681,0.0,0.0,0.6666666666666666,0.5907,20000.0,10.5,17.0,38.0,18.0,17.0,2.0,,,,,,,,,,0.2825,0.6164160401002505,"Villes Favorisées
Bien Équipées",38.031,0.4248856681554315,1.3903,0,C0 — Villes Fragiles,Pays de la Loire,Vendée,Favorisée,0.5895,0.4578,0.6676,5.0,15.0,90.2
8,Paris,1507,0,18364,19871,3,1,48410,0.7939,2,2.96,Vélib' Metropole,10700000.0,0.1408411214953271,4.524299065420561,0.4606,0.4606,0.7939,1.3762440252663892,0.845733899533752,0.1317658162198021,0.0891111761557758,0.6666666666666666,0.5782,28500.0,8.5,35.0,60.0,64.0,20.0,4.2,2.89,7.0,3.7,1173.58,11.135,,12500.0,1013.0,9.5,0.2555,1.0,"Villes Favorisées
Bien Équipées",38.07266666666666,0.5577573456059091,1.0367,1,C1 — Villes Moyennes,Île-de-France,Paris,Favorisée,0.5775,0.4607,0.661,5.0,13.0,87.6
9,Belfort,32,0,52,84,2,1,560,0.7467,2,1.01,Optymo Belfort,46000.0,0.6956521739130436,12.17391304347826,0.3313,0.3313,0.7467,0.6981347220709844,0.4290199921360018,0.5280674302004968,0.3571238060425914,0.6666666666666666,0.5616,18000.0,13.0,15.0,36.0,22.0,22.0,2.0,3.02,,2.8,43.91,2.218,,1900.0,3.0,6.5,0.319,0.561203007518797,Mobilité Inclusive ★,38.328,0.3936217440494368,1.4268,0,C0 — Villes Fragiles,Bourgogne-Franche-Comté,Territoire de Belfort,Inclusive,0.5616,0.4819,0.6322,7.0,14.0,81.0
10,Toulouse,434,0,128,562,2,1,7728,0.8694,2,0.97,VélÔToulouse,490000.0,0.8857142857142857,15.771428571428572,0.2419,0.2419,0.8694,0.6780335427498971,0.4166673508453994,0.6343066805370119,0.4289717619312601,0.6666666666666666,0.5615,21000.0,10.5,25.0,52.0,28.0,18.0,1.5,2.72,9.0,2.2,640.7,5.416,,3200.0,23.0,4.7,0.2714999999999999,0.7690225563909774,"Villes Favorisées
Bien Équipées",38.12833333333333,0.4405176302084289,1.2746,1,C1 — Villes Moyennes,Occitanie,Haute-Garonne,Favorisée,0.5615,0.4645,0.6478,5.0,15.0,81.8
11,Vichy,8,0,46,54,2,1,70,1.0,2,0.51,Vivélo,24000.0,0.3333333333333333,2.916666666666667,0.1734,0.1734,1.0,0.412109650826833,0.253250946511326,0.2876820724517809,0.1945549200131371,0.6666666666666666,0.5218,18000.0,14.0,14.0,35.0,22.0,22.0,1.0,,,2.5,38.71,7.169,,,2.0,8.3,0.324,0.5476315789473685,Mobilité Inclusive ★,38.66066666666666,0.3936217440494368,1.3256,0,C0 — Villes Fragiles,Auvergne-Rhône-Alpes,Allier,Inclusive,0.5214,0.393,0.6453,8.0,20.0,12.2
12,Brest,40,0,75,115,2,1,400,1.0,2,0.35,VéloZef,144000.0,0.2777777777777778,2.7777777777777777,0.123,0.123,1.0,0.3001045924503381,0.1844212382261816,0.245122458032985,0.1657725134193906,0.6666666666666666,0.5056,19000.0,10.5,17.0,42.0,24.0,20.0,1.5,3.3,,2.9,120.95,2.468,,2900.0,22.0,15.3,0.2975,0.6223809523809524,"Villes Favorisées
Bien Équipées",38.31466666666667,0.4092537061024341,1.2354,0,C0 — Villes Fragiles,Bretagne,Finistère,Favorisée,0.5052,0.3654,0.6381,10.0,24.0,4.6
13,Angers,0,26,1223,1249,2,0,0,0.6653,2,0.65,—,154000.0,0.0,0.0,0.2178,0.2178,0.6653,0.5007752879124893,0.3077380386478981,0.0,0.0,0.6666666666666666,0.4867,19500.0,11.0,19.0,44.0,28.0,20.0,3.5,,,,,,,,,,0.295,0.6565413533834586,"Villes Favorisées
Bien Équipées",38.37766666666666,0.4170696871289328,1.167,1,C1 — Villes Moyennes,Pays de la Loire,Maine-et-Loire,Favorisée,0.4862,0.3515,0.5978,12.0,34.0,0.0
14,Besançon,33,56,0,89,2,1,475,0.7844,2,0.1,VéloCité,117000.0,0.282051282051282,4.0598290598290605,0.0973,0.0973,0.7844,0.0953101798043248,0.0585703178733671,0.2484613592984996,0.168030560516687,0.6666666666666666,0.4799,18500.0,12.0,18.0,43.0,26.0,22.0,3.0,3.45,,4.2,146.29,2.254,,2800.0,13.0,11.1,0.31,0.6289348370927318,Mobilité Inclusive ★,38.400333333333336,0.4014377250759354,1.1955,0,C0 — Villes Fragiles,Bourgogne-Franche-Comté,Doubs,Inclusive,0.4798,0.3401,0.6029,13.0,30.0,0.0
15,Strasbourg,39,298,0,337,3,1,516,0.7269,2,0.21,Vélhop - Strasbourg,285000.0,0.1368421052631579,1.810526315789473,0.0823,0.0823,0.7269,0.1906203596086497,0.1171406357467342,0.1282543355236788,0.0867364162684476,0.6666666666666666,0.4665,19500.0,11.5,21.0,45.0,38.0,22.0,10.0,4.1,1.0,9.0,354.53,4.528,,8200.0,70.0,24.6,0.3025,0.6786842105263158,"Villes Favorisées
Bien Équipées",38.445,0.4170696871289328,1.1185,1,C1 — Villes Moyennes,Grand Est,Bas-Rhin,Favorisée,0.4664,0.3242,0.5923,14.0,40.0,0.0
16,Nancy,37,0,0,37,1,1,689,0.8709,1,2.58,VélOstan'lib,104000.0,0.3557692307692308,6.625,0.8112,0.8112,0.8709,1.275362800412609,0.7837400451598415,0.3043689912367956,0.2058400241623656,0.3333333333333333,0.4661,19500.0,12.5,20.0,47.0,32.0,22.0,2.0,3.15,,2.9,101.13,6.742,,2400.0,21.0,20.2,0.3075,0.6801127819548872,"Villes Favorisées
Bien Équipées",38.54633333333334,0.4170696871289328,1.1176,0,C0 — Villes Fragiles,Grand Est,Meurthe-et-Moselle,Favorisée,0.4647,0.3619,0.5917,7.0,28.0,13.2
17,Périgueux,3,0,0,3,1,1,60,1.0,1,0.45,Périvélo,30000.0,0.1,2.0,1.0,1.0,1.0,0.371563556432483,0.2283344303314576,0.0953101798043248,0.0644567951358046,0.3333333333333333,0.4646,18500.0,13.5,16.0,38.0,22.0,22.0,1.5,,,,,,,,,,0.3185,0.5867919799498746,Mobilité Inclusive ★,38.75133333333333,0.4014377250759354,1.1573,0,C0 — Villes Fragiles,Nouvelle-Aquitaine,Dordogne,Inclusive,0.4627,0.3277,0.6367,5.0,44.0,17.0
18,Amiens,45,0,0,45,1,1,850,0.8313,1,2.78,Velam,135000.0,0.3333333333333333,6.296296296296297,0.7495,0.7495,0.8313,1.3297240096314962,0.81714627008217,0.2876820724517809,0.1945549200131371,0.3333333333333333,0.4524,17000.0,15.0,16.0,36.0,26.0,24.0,2.5,3.08,,3.9,179.94,3.657,,2800.0,12.0,8.9,0.3329999999999999,0.5557393483709272,Mobilité Inclusive ★,39.292,0.3779897819964394,1.1969,0,C0 — Villes Fragiles,Hauts-de-France,Somme,Inclusive,0.4511,0.3549,0.5686,9.0,32.0,6.2
19,Carcassonne,10,0,0,10,1,1,86,0.5977,1,2.76,Cyclolibre,48000.0,0.2083333333333333,1.7916666666666667,0.8256,0.8256,0.5977,1.324418957401803,0.813886192343718,0.1892419996385284,0.1279814268196054,0.3333333333333333,0.4423,16500.0,16.0,12.0,30.0,18.0,28.0,1.0,2.65,,1.5,34.88,0.537,,,5.0,10.4,0.364,0.4844360902255639,Mobilité Inclusive ★,39.92566666666667,0.3701738009699407,1.1948,0,C0 — Villes Fragiles,Occitanie,Aude,Inclusive,0.441,0.3402,0.565,8.0,52.0,7.5
20,Auray,11,0,0,11,1,1,170,0.7861,1,1.89,AQTA,14000.0,0.7857142857142857,12.142857142857142,0.5915,0.5915,0.7861,1.0612565021243408,0.6521667549281008,0.5798184952529422,0.3921222480242716,0.3333333333333333,0.4352,20500.0,10.0,16.0,40.0,20.0,18.0,1.5,,,3.5,16.15,0.431,,,1.0,7.1,0.288,0.6248621553884711,"Villes Favorisées
Bien Équipées",38.54933333333334,0.4327016491819302,1.0058,0,C0 — Villes Fragiles,Bretagne,Morbihan,Favorisée,0.4345,0.3726,0.5154,13.0,24.0,0.3
21,Grenoble,0,408,824,1232,3,0,0,0.631,2,0.01,—,160000.0,0.0,0.0,0.003,0.003,0.631,0.009950330853168,0.0061147092809154,0.0,0.0,0.6666666666666666,0.4294,20000.0,12.0,24.0,54.0,38.0,22.0,8.0,,,,,,,,,,0.298,0.7564160401002507,"Villes Favorisées
Bien Équipées",38.56866666666667,0.4248856681554315,1.0106,1,C1 — Villes Moyennes,Auvergne-Rhône-Alpes,Isère,Favorisée,0.4293,0.2667,0.5727,16.0,55.0,0.0
22,Argelès-sur-Mer,6,0,0,6,1,1,60,0.7,1,1.69,Vélo d'Aqui,12000.0,0.5,5.0,0.6605,0.6605,0.7,0.9895411936137476,0.6080960331597066,0.4054651081081644,0.2742097587235786,0.3333333333333333,0.4258,17500.0,14.0,13.0,33.0,18.0,22.0,3.0,,,,,,,,,,0.326,0.5220426065162908,Mobilité Inclusive ★,38.98066666666666,0.3858057630229381,1.1037,0,C0 — Villes Fragiles,Occitanie,Pyrénées-Orientales,Inclusive,0.4249,0.3582,0.5091,13.0,36.0,0.2
23,Bourg-en-Bresse,45,0,0,45,1,1,537,0.7959,1,1.14,Rubis'Velo,42000.0,1.0714285714285714,12.785714285714286,0.4137,0.4137,0.7959,0.76080582903376,0.4675328421151076,0.7282385003712154,0.4924963936150608,0.3333333333333333,0.4057,20000.0,10.5,16.0,38.0,20.0,18.0,1.5,2.72,,2.5,71.96,1.297,,,4.0,9.5,0.2895,0.607844611528822,"Villes Favorisées
Bien Équipées",38.64766666666667,0.4248856681554315,0.9548,0,C0 — Villes Fragiles,Auvergne-Rhône-Alpes,Ain,Favorisée,0.4053,0.3617,0.4781,16.0,26.0,0.1
24,La Baule,14,0,0,14,1,1,260,0.811,1,1.04,La Baule,16000.0,0.875,16.25,0.3737,0.3737,0.811,0.712949807856125,0.4381242062455372,0.6286086594223741,0.425118278699776,0.3333333333333333,0.3899,23000.0,9.5,18.0,45.0,18.0,14.0,3.0,,,,,,,,,,0.2625,0.7020927318295739,"Villes Favorisées
Bien Équipées",38.70033333333333,0.4717815543144236,0.8264,1,C1 — Villes Moyennes,Pays de la Loire,Loire-Atlantique,Favorisée,0.3895,0.3514,0.4657,20.0,28.0,0.0
25,Épinal,105,0,0,105,1,1,1615,0.947,1,0.13,Vilvolt,31000.0,3.3870967741935485,52.096774193548384,0.0413,0.0413,0.947,0.1222176327242492,0.0751055722807994,1.4786676812509056,1.0,0.3333333333333333,0.3876,18000.0,12.0,14.0,35.0,18.0,22.0,1.0,,,2.6,31.01,1.119,,,3.0,9.7,0.3179999999999999,0.5476315789473685,Mobilité Inclusive ★,38.708,0.3936217440494368,0.9847,0,C0 — Villes Fragiles,Grand Est,Vosges,Inclusive,0.3885,0.254,0.56,6.0,50.0,6.3
26,Cergy-Pontoise,45,0,0,45,1,1,873,0.8789,1,1.58,VélO2,215000.0,0.2093023255813953,4.06046511627907,0.4451,0.4451,0.8789,0.947789398933526,0.582438586166902,0.1900436028878649,0.1285235386541309,0.3333333333333333,0.3799,22000.0,11.0,18.0,40.0,32.0,20.0,1.5,,,1.8,61.91,3.498,,,0.0,0.0,0.297,0.6630576441102757,"Villes Favorisées
Bien Équipées",38.73366666666667,0.4561495922614262,0.8328,0,C0 — Villes Fragiles,Île-de-France,Val-d'Oise,Favorisée,0.3789,0.3047,0.4762,19.0,53.0,0.0
27,Dijon,40,0,0,40,1,1,881,0.838,1,1.262,Velodi,157000.0,0.2547770700636942,5.611464968152866,0.4584,0.4584,0.838,0.8162493776939287,0.501604189747863,0.2269579233896804,0.1534881206017036,0.3333333333333333,0.3784,21500.0,10.5,22.0,38.0,20.0,14.0,4.5,,,,,,,,,,0.2575,0.6803258145363409,"Villes Favorisées
Bien Équipées",38.738666666666674,0.4483336112349275,0.844,1,C1 — Villes Moyennes,Bourgogne-Franche-Comté,Côte-d'Or,Favorisée,0.3774,0.311,0.4659,20.0,51.0,0.0
28,Longwy,39,0,0,39,1,1,450,0.8101,1,0.25,Vertuose,15000.0,2.6,30.0,0.0841,0.0841,0.8101,0.2231435513142097,0.1371268919930441,1.2809338454620642,0.8662756762076758,0.3333333333333333,0.3734,17000.0,14.0,11.0,28.0,20.0,25.0,0.8,,,1.4,,,,,0.0,0.0,0.345,0.4728822055137844,Mobilité Inclusive ★,39.45533333333333,0.3779897819964394,0.9879,0,C0 — Villes Fragiles,Grand Est,Meurthe-et-Moselle,Inclusive,0.3741,0.2651,0.5111,10.0,49.0,3.1
29,Saint-Brieuc,12,0,0,12,1,1,130,0.9021,1,0.96,Vélo'Baie,44000.0,0.2727272727272727,2.9545454545454546,0.3955,0.3955,0.9021,0.6729444732424258,0.4135399995032427,0.2411620568168881,0.163094155552837,0.3333333333333333,0.3679,19000.0,12.0,16.0,38.0,22.0,20.0,1.5,2.95,,2.1,80.12,2.283,,1500.0,6.0,13.6,0.304,0.5938095238095238,"Villes Favorisées
Bien Équipées",38.77366666666666,0.4092537061024341,0.899,0,C0 — Villes Fragiles,Bretagne,Côtes-d'Armor,Favorisée,0.3669,0.3044,0.4655,23.0,51.0,0.0
30,Clermont-Ferrand,82,0,0,82,1,1,1716,0.8533,1,0.87,C-Vélo,147000.0,0.5578231292517006,11.673469387755103,0.3085,0.3085,0.8533,0.6259384308664953,0.3846536953374175,0.4432894167755033,0.2997897515420737,0.3333333333333333,0.3632,19000.0,11.0,21.0,45.0,25.0,20.0,2.0,2.88,,1.9,128.24,3.003,,1800.0,23.0,15.6,0.291,0.6716666666666666,"Villes Favorisées
Bien Équipées",38.78933333333333,0.4092537061024341,0.8875,0,C0 — Villes Fragiles,Auvergne-Rhône-Alpes,Puy-de-Dôme,Favorisée,0.3627,0.3252,0.4527,26.0,38.0,0.0
31,Landerneau,14,0,0,14,1,1,175,0.9,1,0.47,Ti Vélo,16000.0,0.875,10.9375,0.2324,0.2324,0.9,0.3852624007906449,0.2367526881734065,0.6286086594223741,0.425118278699776,0.3333333333333333,0.3597,20000.0,9.5,16.0,37.0,18.0,16.0,2.5,,,,,,,,,,0.2764999999999999,0.602844611528822,"Villes Favorisées
Bien Équipées",38.801,0.4248856681554315,0.8466,0,C0 — Villes Fragiles,Bretagne,Finistère,Favorisée,0.3594,0.3048,0.4615,25.0,39.0,0.0
32,Libourne,66,0,0,66,1,1,725,0.7728,1,0.1,CaliVélo,26000.0,2.5384615384615383,27.884615384615387,0.0465,0.0465,0.7728,0.0953101798043248,0.0585703178733671,1.2636920390275583,0.854615310154419,0.3333333333333333,0.3585,19500.0,11.0,15.0,36.0,18.0,18.0,1.0,,,2.2,37.92,3.869,,,0.0,0.0,0.293,0.5822556390977444,Sous-Investissement,38.80500000000001,0.4170696871289328,0.8596,0,C0 — Villes Fragiles,Nouvelle-Aquitaine,Gironde,Sous-investie,0.3593,0.2434,0.4952,12.0,58.0,1.5
33,Mulhouse,60,0,0,60,1,1,995,0.844,1,0.84,VéloCité Mulhouse,108000.0,0.5555555555555556,9.212962962962962,0.2711,0.2711,0.844,0.6097655716208943,0.3747150979191689,0.4418327522790392,0.2988046319543975,0.3333333333333333,0.3551,15000.0,18.0,14.0,32.0,30.0,32.0,2.0,2.95,,5.4,139.22,6.271,,4500.0,2.0,1.9,0.3859999999999999,0.4905263157894737,Désert de Mobilité Sociale ⚠,41.016333333333336,0.3467258578904447,1.0242,0,C0 — Villes Fragiles,Grand Est,Haut-Rhin,Désert,0.3546,0.3137,0.4451,29.0,41.0,0.0
34,Niort,51,0,0,51,1,1,712,0.7764,1,0.62,Vélo Tanlib,60000.0,0.85,11.866666666666664,0.2405,0.2405,0.7764,0.4824261492442927,0.2964620670076683,0.6151856390902334,0.4160404984098969,0.3333333333333333,0.3547,21000.0,8.5,18.0,42.0,18.0,16.0,2.0,3.18,,3.4,115.03,1.086,,2200.0,2.0,3.3,0.2695,0.6590225563909774,Sous-Investissement,38.81766666666667,0.4405176302084289,0.8052,0,C0 — Villes Fragiles,Nouvelle-Aquitaine,Deux-Sèvres,Sous-investie,0.3545,0.3101,0.4339,29.0,41.0,0.0
35,Troyes,30,0,0,30,1,1,406,0.7437,1,0.99,Le Marcel,62000.0,0.4838709677419355,6.548387096774194,0.3132,0.3132,0.7437,0.688134638736401,0.4228747088003792,0.3946541920039487,0.2668985039762848,0.3333333333333333,0.3546,18500.0,14.0,15.0,34.0,22.0,24.0,1.5,2.82,,2.0,47.62,2.976,,1600.0,20.0,32.3,0.332,0.5582205513784462,Désert de Mobilité Sociale ⚠,39.418000000000006,0.4014377250759354,0.8833,0,C0 — Villes Fragiles,Grand Est,Aube,Désert,0.3541,0.3188,0.4264,27.0,50.0,0.0
36,PAU,40,0,0,40,1,1,420,0.9548,1,0.72,IDEcycle (Pau),77000.0,0.5194805194805194,5.454545454545455,0.2427,0.2427,0.9548,0.5423242908253617,0.3332708653923711,0.4183685129440722,0.2829361311191611,0.3333333333333333,0.3535,20000.0,11.5,19.0,43.0,25.0,20.0,2.0,2.75,,1.8,109.86,3.488,,,32.0,41.6,0.2965,0.6585588972431077,Sous-Investissement,38.821666666666665,0.4248856681554315,0.832,0,C0 — Villes Fragiles,Nouvelle-Aquitaine,Pyrénées-Atlantiques,Sous-investie,0.3529,0.3013,0.4652,25.0,43.0,0.0
37,Louviers,40,0,0,40,1,1,390,0.7405,1,0.16,Semo Vélo,18000.0,2.2222222222222223,21.666666666666668,0.0615,0.0615,0.7405,0.1484200051182733,0.0912075383384135,1.1700712526502546,0.7913010255694584,0.3333333333333333,0.3532,19000.0,12.0,13.0,33.0,18.0,20.0,1.0,,,2.1,12.48,1.642,,,1.0,5.6,0.31,0.5430952380952381,Sous-Investissement,38.82266666666667,0.4092537061024341,0.863,0,C0 — Villes Fragiles,Normandie,Eure,Sous-investie,0.3539,0.2479,0.4783,14.0,57.0,0.6
38,Calais,89,0,0,89,2,2,1011,0.7762,1,0.51,Vel’in + Velect'in,72000.0,1.236111111111111,14.041666666666666,0.1608,0.1608,0.7762,0.412109650826833,0.253250946511326,0.8047382459684076,0.5442319840842296,0.3333333333333333,0.353,16000.0,18.0,12.0,28.0,20.0,28.0,1.5,2.68,,2.0,77.75,3.161,,,7.0,9.7,0.37,0.4674185463659147,Désert de Mobilité Sociale ⚠,40.62333333333334,0.362357819943442,0.9742,0,C0 — Villes Fragiles,Hauts-de-France,Pas-de-Calais,Désert,0.3531,0.2861,0.4412,22.0,44.0,0.0
39,Les Sables-d'Olonne,16,0,0,16,1,1,198,0.858,1,0.72,Les Petites Reines,,,,0.2263,0.2263,0.858,0.5423242908253617,0.3332708653923711,,,0.3333333333333333,0.352,20000.0,10.5,16.0,38.0,20.0,18.0,2.0,,,,,,,,,,0.2895,0.607844611528822,Sous-Investissement,38.82666666666667,0.4248856681554315,0.8285,0,C0 — Villes Fragiles,Pays de la Loire,Vendée,Sous-investie,0.3515,0.2964,0.4581,27.0,42.0,0.0
40,Montpellier,53,0,0,53,1,1,667,0.728,1,0.544,Velomagg,,,,0.2916,0.2916,0.728,0.4343764516025845,0.266934412455218,,,0.3333333333333333,0.3516,19200.0,15.2,20.0,45.0,28.0,18.5,4.5,,,,,,,,,,0.2981,0.6659022556390977,Sous-Investissement,39.468,0.4123800985130336,0.8526,0,C0 — Villes Fragiles,Occitanie,Hérault,Sous-investie,0.3512,0.3158,0.4298,30.0,47.0,0.0
41,Soissons,28,0,0,28,1,1,351,0.692,1,0.59,Cyclovis,28000.0,1.0,12.535714285714285,0.2066,0.2066,0.692,0.4637340162321401,0.2849753173813356,0.6931471805599453,0.4687646787367158,0.3333333333333333,0.3483,17500.0,15.0,12.0,30.0,20.0,25.0,1.0,,,1.8,23.37,1.399,,,0.0,0.0,0.346,0.4984711779448622,Désert de Mobilité Sociale ⚠,39.739,0.3858057630229381,0.9028,0,C0 — Villes Fragiles,Hauts-de-France,Aisne,Désert,0.3483,0.2991,0.4168,26.0,55.0,0.0
42,Reims,63,0,0,63,1,1,691,0.7718,1,1.0,Zebullo,181000.0,0.3480662983425414,3.81767955801105,0.2829,0.2829,0.7718,0.6931471805599453,0.4259550321043671,0.2986711940273761,0.2019866923545051,0.3333333333333333,0.3434,18500.0,13.0,16.0,38.0,25.0,22.0,1.5,3.02,,2.3,191.1,4.083,,2000.0,37.0,20.4,0.317,0.5867919799498746,Désert de Mobilité Sociale ⚠,39.05533333333334,0.4014377250759354,0.8554,0,C0 — Villes Fragiles,Grand Est,Marne,Désert,0.3428,0.296,0.423,29.0,54.0,0.0
43,Auxerre,55,0,0,55,1,1,690,0.8408,1,0.16,AuxR_M le vélo,35000.0,1.5714285714285714,19.714285714285715,0.0464,0.0464,0.8408,0.1484200051182733,0.0912075383384135,0.9444616088408514,0.6387247255190341,0.3333333333333333,0.3393,18500.0,13.0,14.0,34.0,20.0,22.0,1.5,2.8,,2.8,4.14,0.179,,1200.0,0.0,0.0,0.321,0.5496491228070175,Désert de Mobilité Sociale ⚠,39.069,0.4014377250759354,0.8452,0,C0 — Villes Fragiles,Bourgogne-Franche-Comté,Yonne,Désert,0.3397,0.2382,0.4533,20.0,55.0,0.1
44,Agen,16,0,0,16,1,1,175,0.8289,1,0.63,Tempovelo,34000.0,0.4705882352941176,5.147058823529412,0.2276,0.2276,0.8289,0.4885800148186709,0.3002437602494741,0.3856624808119847,0.260817549272279,0.3333333333333333,0.3377,18500.0,13.0,14.0,32.0,18.0,22.0,1.0,,,1.5,54.53,0.863,,,6.0,17.6,0.321,0.5396491228070176,Désert de Mobilité Sociale ⚠,39.074333333333335,0.4014377250759354,0.8412,0,C0 — Villes Fragiles,Nouvelle-Aquitaine,Lot-et-Garonne,Désert,0.3372,0.2907,0.4307,37.0,49.0,0.0
45,Cholet,16,0,0,16,1,1,238,0.8535,1,0.7,Choletbus 2 Roues,57000.0,0.2807017543859649,4.175438596491228,0.2659,0.2659,0.8535,0.5306282510621704,0.3260833774640504,0.2474081733138409,0.167318307183492,0.3333333333333333,0.3367,20000.0,8.0,15.0,36.0,15.0,16.0,1.5,2.88,,3.3,71.44,0.816,,1800.0,1.0,1.8,0.2739999999999999,0.5892731829573934,Sous-Investissement,38.87766666666667,0.4248856681554315,0.7924,0,C0 — Villes Fragiles,Pays de la Loire,Maine-et-Loire,Sous-investie,0.336,0.2815,0.4335,32.0,56.0,0.0
46,Valence,68,0,0,68,1,1,769,0.8537,1,0.25,Libélo,68000.0,1.0,11.308823529411764,0.1072,0.1072,0.8537,0.2231435513142097,0.1371268919930441,0.6931471805599453,0.4687646787367158,0.3333333333333333,0.3336,18000.0,15.0,16.0,35.0,22.0,25.0,1.5,2.68,,1.8,117.26,3.195,,1400.0,5.0,7.4,0.3379999999999999,0.5647744360902256,Désert de Mobilité Sociale ⚠,39.788,0.3936217440494368,0.8475,0,C0 — Villes Fragiles,Auvergne-Rhône-Alpes,Drôme,Désert,0.3336,0.2553,0.4381,27.0,50.0,0.0
47,Caen,75,0,0,75,1,1,960,0.8369,1,0.4,Twisto Vélolib,106000.0,0.7075471698113207,9.056603773584904,0.1455,0.1455,0.8369,0.3364722366212129,0.2067699997516214,0.5350579371537586,0.3618513773839411,0.3333333333333333,0.3304,19500.0,12.0,18.0,43.0,26.0,20.0,2.5,3.1,,3.5,124.33,4.914,,2600.0,8.0,7.5,0.3,0.6429699248120301,Sous-Investissement,38.89866666666666,0.4170696871289328,0.7922,0,C0 — Villes Fragiles,Normandie,Calvados,Sous-investie,0.3301,0.2665,0.4288,38.0,49.0,0.0
48,Brive-la-Gaillarde,26,0,0,26,1,1,315,0.7735,1,0.54,Vélibéo,49000.0,0.5306122448979592,6.428571428571429,0.1922,0.1922,0.7735,0.4317824164255378,0.2653403176249885,0.4256678154256839,0.2878725360830112,0.3333333333333333,0.3288,19000.0,11.5,15.0,35.0,18.0,20.0,1.0,2.52,,1.3,47.74,0.693,,,8.0,16.3,0.3045,0.5702380952380952,Sous-Investissement,38.904,0.4092537061024341,0.8034,0,C0 — Villes Fragiles,Nouvelle-Aquitaine,Corrèze,Sous-investie,0.3285,0.2786,0.4137,41.0,54.0,0.0
49,Chantrerie,16,0,0,16,1,1,224,0.827,1,0.21,Naolib Micromob',,,,0.1825,0.1825,0.827,0.1906203596086497,0.1171406357467342,,,0.3333333333333333,0.3279,21500.0,9.0,22.0,50.0,25.0,15.0,3.0,,,,,,,,,,0.258,0.7403258145363409,Sous-Investissement,38.907,0.4483336112349275,0.7314,1,C1 — Villes Moyennes,Pays de la Loire,Loire-Atlantique,Sous-investie,0.3275,0.2604,0.435,36.0,53.0,0.0
50,Avignon,29,0,0,29,1,1,520,0.8289,1,0.71,Vélopop,94000.0,0.3085106382978723,5.531914893617022,0.215,0.215,0.8289,0.5364933705145685,0.3296876295113919,0.2688895731024135,0.1818458444124115,0.3333333333333333,0.3276,17500.0,15.5,15.0,36.0,22.0,26.0,1.5,2.72,,1.5,179.5,2.774,,1500.0,6.0,6.4,0.3465,0.5541854636591479,Désert de Mobilité Sociale ⚠,40.008,0.3858057630229381,0.8491,0,C0 — Villes Fragiles,Provence-Alpes-Côte d'Azur,Vaucluse,Désert,0.327,0.2724,0.4227,37.0,57.0,0.0
51,Laon,19,0,0,19,1,1,176,0.7664,1,0.41,Vélo'Cité,25000.0,0.76,7.04,0.1427,0.1427,0.7664,0.3435897043900769,0.2111438489095147,0.5653138090500605,0.3823129538963231,0.3333333333333333,0.3276,17500.0,14.0,12.0,30.0,20.0,24.0,1.0,,,1.5,10.41,0.441,,,0.0,0.0,0.3379999999999999,0.4984711779448622,Désert de Mobilité Sociale ⚠,39.508,0.3858057630229381,0.8491,0,C0 — Villes Fragiles,Hauts-de-France,Aisne,Désert,0.3275,0.2655,0.4127,36.0,54.0,0.0
52,Pointe-à-Pitre,14,0,0,14,1,1,180,0.8198,1,0.25,Karu'Vélo,16000.0,0.875,11.25,0.0998,0.0998,0.8198,0.2231435513142097,0.1371268919930441,0.6286086594223741,0.425118278699776,0.3333333333333333,0.3247,14000.0,23.0,14.0,33.0,30.0,38.0,0.5,,,,,,,,,,0.4309999999999999,0.4814912280701754,Désert de Mobilité Sociale ⚠,42.71766666666667,0.3310938958374473,0.9807,0,C0 — Villes Fragiles,Guadeloupe,Guadeloupe,Désert,0.3247,0.2492,0.4238,32.0,53.0,0.0
53,Royan,8,0,0,8,1,1,80,1.0,1,0.32,VéloModalis - TERRA,19000.0,0.4210526315789474,4.2105263157894735,0.1291,0.1291,1.0,0.2776317365982795,0.1706111466548539,0.3513978868378886,0.237644936244645,0.3333333333333333,0.322,20000.0,11.5,15.0,38.0,18.0,18.0,1.5,,,2.5,29.77,1.071,,,2.0,10.5,0.2945,0.5992731829573934,Sous-Investissement,38.92666666666667,0.4248856681554315,0.7579,0,C0 — Villes Fragiles,Nouvelle-Aquitaine,Charente-Maritime,Sous-investie,0.3215,0.2464,0.4519,30.0,57.0,0.0
54,Annecy,80,0,0,80,1,1,874,0.9089,1,0.16,Vélonecy,130000.0,0.6153846153846154,6.723076923076923,0.0581,0.0581,0.9089,0.1484200051182733,0.0912075383384135,0.4795730802618863,0.3243278299395729,0.3333333333333333,0.3089,22500.0,7.5,22.0,48.0,22.0,14.0,2.5,3.38,,3.1,127.89,1.917,,3500.0,14.0,10.8,0.2485,0.7443609022556391,Sous-Investissement,38.970333333333336,0.4639655732879249,0.6658,1,C1 — Villes Moyennes,Auvergne-Rhône-Alpes,Haute-Savoie,Sous-investie,0.3087,0.2225,0.427,40.0,58.0,0.0
55,Ardenne Métropole,34,0,0,34,1,1,308,0.8405,1,0.13,Cycl'AM,52000.0,0.6538461538461539,5.923076923076923,0.0686,0.0686,0.8405,0.1222176327242492,0.0751055722807994,0.5031035776720805,0.3402411400825849,0.3333333333333333,0.3072,17500.0,14.5,13.0,32.0,22.0,24.0,1.0,,,1.3,68.68,1.487,,,1.0,1.9,0.3375,0.5170426065162907,Désert de Mobilité Sociale ⚠,39.676,0.3858057630229381,0.7963,0,C0 — Villes Fragiles,Grand Est,Ardennes,Désert,0.307,0.2246,0.4125,44.0,57.0,0.0
56,Saint-Étienne,97,0,0,97,1,1,1790,0.7724,1,0.24,Vélivert,175000.0,0.5542857142857143,10.22857142857143,0.0785,0.0785,0.7724,0.2151113796169455,0.1321909360386217,0.4410160923724832,0.2982523375363136,0.3333333333333333,0.3023,15500.0,16.5,14.0,30.0,22.0,27.0,0.8,2.52,,1.2,84.14,1.053,,1200.0,8.0,4.6,0.3565,0.4875438596491228,Désert de Mobilité Sociale ⚠,40.39233333333333,0.3545418389169433,0.8526,0,C0 — Villes Fragiles,Auvergne-Rhône-Alpes,Loire,Désert,0.3021,0.2287,0.3968,51.0,58.0,0.0
57,Cherbourg-en-Cotentin,49,0,0,49,1,1,496,0.7002,1,0.17,CapCotentin,79000.0,0.620253164556962,6.278481012658228,0.0837,0.0837,0.7002,0.1570037488096647,0.0964824480865692,0.4825824114525956,0.326362993911077,0.3333333333333333,0.2997,18500.0,12.0,14.0,33.0,20.0,20.0,1.5,2.78,,2.3,67.53,0.808,,,4.0,5.1,0.308,0.5446491228070176,Désert de Mobilité Sociale ⚠,39.001000000000005,0.4014377250759354,0.7466,0,C0 — Villes Fragiles,Normandie,Manche,Désert,0.2997,0.2278,0.3826,49.0,60.0,0.0
58,La Réunion,31,0,0,31,1,1,448,0.7958,1,0.19,Altervelo Libre-service,130000.0,0.2384615384615384,3.4461538461538463,0.1002,0.1002,0.7958,0.173953307123438,0.1068983451113047,0.2138699145288805,0.1446369033696289,0.3333333333333333,0.2884,16000.0,22.0,11.0,28.0,15.0,35.0,0.5,,,,,,,,,,0.419,0.4588471177944861,Désert de Mobilité Sociale ⚠,42.33866666666667,0.362357819943442,0.7959,0,C0 — Villes Fragiles,La Réunion,La Réunion,Désert,0.2879,0.2157,0.3918,51.0,59.0,0.0
59,Tarbes,13,0,0,13,1,1,166,0.722,1,0.07,TLP Mobilites,41000.0,0.3170731707317073,4.048780487804878,0.0694,0.0694,0.722,0.0676586484738148,0.0415778100107405,0.2754119798599665,0.1862568468575554,0.3333333333333333,0.2792,18000.0,13.5,14.0,34.0,20.0,23.0,1.0,2.58,,1.5,27.02,1.103,,,3.0,7.3,0.3275,0.5426315789473684,Désert de Mobilité Sociale ⚠,39.46933333333334,0.3936217440494368,0.7093,0,C0 — Villes Fragiles,Occitanie,Hautes-Pyrénées,Désert,0.2789,0.2027,0.3715,58.0,61.0,0.0
60,Saint-Nazaire,5,0,0,5,1,1,148,0.9892,1,0.05,VélYcéo,72000.0,0.0694444444444444,2.055555555555556,0.0264,0.0264,0.9892,0.048790164169432,0.0299826884217852,0.0671393028376285,0.0454052683296836,0.3333333333333333,0.2725,19000.0,12.0,16.0,36.0,18.0,20.0,2.0,,,,,,,,,,0.304,0.5838095238095238,Sous-Investissement,39.09166666666667,0.4092537061024341,0.6658,0,C0 — Villes Fragiles,Pays de la Loire,Loire-Atlantique,Sous-investie,0.2717,0.1723,0.416,47.0,60.0,0.0
61,Châtellerault,0,13,0,13,1,0,0,0.9793,1,0.02,—,32000.0,0.0,0.0,0.0097,0.0097,0.9793,0.0198026272961797,0.01216917414117,0.0,0.0,0.3333333333333333,0.2624,17500.0,14.5,13.0,32.0,20.0,25.0,1.5,,,,,,,,,,0.3425,0.5170426065162907,Désert de Mobilité Sociale ⚠,39.92533333333333,0.3858057630229381,0.6801,0,C0 — Villes Fragiles,Nouvelle-Aquitaine,Vienne,Désert,0.2616,0.1568,0.4079,52.0,62.0,0.0
62,Montreuil-Bellay,0,28,0,28,1,0,0,0.7209,1,0.08,—,4000.0,0.0,0.0,0.007,0.007,0.7209,0.0769610411361283,0.0472943462331374,0.0,0.0,0.3333333333333333,0.2459,18500.0,11.0,12.0,30.0,16.0,18.0,1.5,,,,,,,,,,0.299,0.5125062656641605,Désert de Mobilité Sociale ⚠,39.18033333333333,0.4014377250759354,0.6125,0,C0 — Villes Fragiles,Pays de la Loire,Maine-et-Loire,Désert,0.2454,0.1514,0.3506,61.0,62.0,0.0
