row_id,station_id,system_id,rule_based_station_type,rule_based_label
1,1991f970-50e8-4747-8f50-b3f5bb924488,dott-lyon,free_floating,A3
2,stn_MsWRwNgiy7Z6vgETXDuaxR,calivelo,docked_bike,ok
3,bordeaux_parking_Arceau_13933_zid51TN7DBX,pony_bordeaux,free_floating,A3
4,8,libelo,docked_bike,ok
5,256403519,Paris,docked_bike,ok
6,angers_parking_BikeRack_10_BD_Jeanneteau_zidPHCWPWA9,pony_Angers,free_floating,A3
7,cd6d77b6-a60a-4bc5-b63d-3c38c30c7314,dott-paris,free_floating,A3
8,ce4bhb92rcd13ifvqen0,levelo_inurba_marseille,docked_bike,ok
9,13373801574,Paris,docked_bike,ok
10,1034,citiz_alpes_loire,carsharing,A1
11,93,toulouse,docked_bike,ok
12,e2d22a36-31a9-4f1d-a88e-941a01458664,dott-gpseo,free_floating,A3
13,bordeaux_parking_Arceau_13810_zidH2YT0MY2,pony_bordeaux,free_floating,A3
14,stn_PnqB4i8fT4RQCYVvkQrdGF,capcotentin,docked_bike,ok
15,af1cdd41-190f-48c3-922f-bc28e80b50d0,dott-paris,free_floating,A3
16,5f47e617-94bd-4201-9902-024f937a60dc,dott-paris,free_floating,A3
17,81dd11bd-217b-45ed-91b4-23b5b6f0be52,Optymo_Belfort_ALS,carsharing,A1
18,129134084,Paris,docked_bike,ok
19,paris_parking_BELIDOR_zidYP3IJHOK,pony_paris,free_floating,A3
20,93b165a6-3cb3-4793-9f64-78593486113e,bird-bordeaux,free_floating,A3
21,751,citiz_alpes_loire,carsharing,A1
22,837,citiz_alpes_loire,carsharing,A1
23,1d1664d3-dda7-4547-9979-acc769b4f2dc,dott-lyon,free_floating,A3
24,74,mvelo_plus_grenoble,free_floating,A3
25,stn_k9Z9iQuy6vNdJtCHjaPVvQ,calivelo,docked_bike,ok
26,966,citiz_alpes_loire,carsharing,A1
27,1366,citiz_occitanie,carsharing,A1
28,nice_parking_Boulevard_James_Wyllie_base_de_voile_zidEWHTGGCH,pony_Nice,free_floating,A3
29,stn_nQ8agtNMbRPU4bVS422YmQ,tanlib,docked_bike,ok
30,d369c11c-8a83-41f7-a8bf-a2e9aee798ac,dott-paris,free_floating,A3
31,1731,citiz_occitanie,carsharing,A1
32,bordeaux_parking_Arceau_14180_zidE6FANJQ8,pony_bordeaux,free_floating,A3
33,337,citiz_lille_arras,carsharing,A1
34,41610121,Paris,docked_bike,ok
35,stn_ZPbKNmQzyz6ZtGUDifpsbn,perivelo,docked_bike,ok
36,b949f104-2268-4570-95db-37d4c5f46444,dott-paris,free_floating,A3
37,bordeaux_parking_Arceau_10852_zidAJ71RCWK,pony_bordeaux,free_floating,A3
38,1057061349,Paris,docked_bike,ok
39,limoges_parking_4_Rue_Villaris_zidIN1RPB1L,pony_Limoges,free_floating,A3
40,10,nantes,docked_bike,ok
41,3c9ee212-ff59-4b81-a634-de17aa6a9b80,dott-bourgoin-jallieu,free_floating,A3
42,76507850,Paris,docked_bike,ok
43,1187,citiz_alpes_loire,carsharing,A1
44,53e82715-22a5-49e5-8e61-c7e1a5e31bf5,bird-laval,free_floating,A3
45,5802,inurba-rouen,docked_bike,ok
46,52518,Paris,docked_bike,ok
47,725,mp_ARBRESLE,docked_bike,ok
48,85,nantes,docked_bike,ok
49,6438e81c-9d14-4b6c-87c5-cf3292c1a7e0,dott-paris,free_floating,A3
50,ce4bhl12rcd13ifvqgf0,levelo_inurba_marseille,docked_bike,ok
51,165,v_lille,docked_bike,ok
52,82ee6573-819e-4691-88e9-2bdbfd4565db,bird-draguignan,free_floating,A3
53,378,toulouse,docked_bike,ok
54,BikeRack 1 desjardins,pony_Angers,free_floating,A3
55,5aa634f3-340e-445a-a14e-a16c2b303cbc,dott-bourgoin-jallieu,free_floating,A3
56,121,amiens,docked_bike,ok
57,301841024,Paris,docked_bike,ok
58,10114,lyon,docked_bike,ok
59,beauvais_parking_Centre_Commercial_zid6M50VVC9,pony_Beauvais,free_floating,A3
60,1057399900,Paris,docked_bike,ok
61,367,citiz_metropole_lyon,carsharing,A1
62,perpignan_parking_BurgerKing_Est_zid1UHV5CR0,pony_Perpignan,free_floating,A3
63,0b1d8673-0492-446e-96a7-7266d14fa1d3,bird-bordeaux,free_floating,A3
64,393,citiz_metropole_lyon,carsharing,A1
65,stn_oCiUJkTdD2a2FQXQgf66Ad,cyclovis,docked_bike,ok
66,653153519,Paris,docked_bike,ok
67,151,citiz_grand_est,carsharing,A1
68,chf7qms3casf4nvmd1b0,velivert_saint_etienne,docked_bike,ok
69,perpignan_parking_PYRENEES_boulevard_des_zidIIK421TI,pony_Perpignan,free_floating,A3
70,ce96c26d-b6ae-4f4a-bcec-3c690d3330f0,dott-bordeaux,free_floating,A3
71,ee7f0eb3-636e-42f6-a4ef-74e2de58a98c,dott-paris,free_floating,A3
72,f7515b6e-99dc-4087-a74d-68efb9d21164,dott-paris,free_floating,A3
73,25e61dbb-6b2d-48a1-86e6-f9231cebed28,dott-bordeaux,free_floating,A3
74,f028e1c6-14e0-4616-b6d1-c425e0039570,dott-paris,free_floating,A3
75,f4ba8a9b-c71c-421d-a215-af1842026538,bird-bordeaux,free_floating,A3
76,800d77e1-013e-43af-a741-a4bf8d669e02,voi_Grenoble,free_floating,A3
77,315ab6e6-70a5-4d0b-8695-d967ea60af74,dott-siemu,free_floating,A3
78,cirqbucg3q5td18hqst0,velozef,docked_bike,ok
79,21,citiz_bfc,carsharing,A1
80,644,citiz_gironde,carsharing,A1
81,c3dja3uql9dm2f36adgg,vilvolt_epinal,docked_bike,ok
82,10084,lyon,docked_bike,ok
83,1522,citiz_developpement,carsharing,A1
84,stn_Hh8FncreXTLUjQV87B82Ny,cyclovis,docked_bike,ok
85,44ee70b8-64f1-4189-9606-0d761c49b1b0,dott-paris,free_floating,A3
86,ce4bgvp2rcd13ifvqcu0,levelo_inurba_marseille,docked_bike,ok
87,edfca9fe-0d84-4982-b86b-846f2aa452a9,bird-ajaccio,free_floating,A3
88,paris_parking_ALBERT_ROUSSEL_zidQORA4HDR,pony_paris,free_floating,A3
89,c3c35209-0a19-4861-9947-ce3af234d208,dott-paris,free_floating,A3
90,paris_parking_MORLOT_zidLRYR0GVI,pony_paris,free_floating,A3
91,8faf5e7c-623d-4582-a0aa-6e1c67062188,dott-bordeaux,free_floating,A3
92,1217,citiz_lille_arras,carsharing,A1
93,7b5c3db5-5912-4c4b-9aeb-43de810ad5a0,dott-paris,free_floating,A3
94,b0311592-00b4-46fb-a5a0-db63c5e12fec,dott-paris,free_floating,A3
95,54585617-410c-4aa8-8d8e-502893c57398,dott-paris,free_floating,A3
96,5a395828-5e0a-4047-af1c-5593638526c8,dott-bordeaux,free_floating,A3
97,cqocpipmrgc3lc0gde80,auray-quiberon,docked_bike,ok
98,317,toulouse,docked_bike,ok
99,0c393027-f3cb-4a14-9d88-9f1086fd8f66,voi_Marseille,free_floating,A3
100,6007,lyon,docked_bike,ok
101,bourges_parking_Virtual_Musee_Ecole_militaire_2_zid13OTCYXN,pony_Bourges,free_floating,A3
102,8772888e-3a4f-46e9-a06c-f0ef24590324,dott-paris,free_floating,A3
103,3050,lyon,docked_bike,ok
104,7369aa58-106f-42a6-a8f4-842047cd7248,dott-paris,free_floating,A3
105,2fb53026-0380-498a-b535-bd35b71672bc,dott-paris,free_floating,A3
106,337,toulouse,docked_bike,ok
107,7755db2a-b37d-480c-aa76-49f87f8b14a8,dott-paris,free_floating,A3
108,e30e56ba-094a-4bb7-9912-0e267c8e7590,dott-bordeaux,free_floating,A3
109,3_Av__des_Frères_Voisin,pony_Bourges,free_floating,A3
110,318,v_lille,docked_bike,ok
111,ctbhn6vaok6uht7ctbp0,twisto_velolib_caen,docked_bike,ok
112,dcd44101-1ec2-49bb-bdad-7e135731c850,dott-paris,free_floating,A3
113,bordeaux_parking_Marquage_772750_zid5IHBSU7H,pony_bordeaux,free_floating,A3
114,1063044618,Paris,docked_bike,ok
115,551,citiz_grand_poitiers,carsharing,A1
116,0ccf3a57-8646-4b04-8003-745b3d04a458,dott-paris,free_floating,A3
117,4b659396-3b25-455c-9b53-3dd0d5cb1254,dott-bordeaux,free_floating,A3
118,bd04df94-889f-4ef4-b396-50abb85d2308,dott-lyon,free_floating,A3
119,192,v_lille,docked_bike,ok
120,1057748427,Paris,docked_bike,ok
121,stn_8eDZvCMzEhapPKnGezzx3V,zebullo,free_floating,A3
122,10,CVelo_FR_Clermont-Ferrand,docked_bike,ok
123,1d1787df-8166-482b-8253-8b7c7d80a054,dott-paris,free_floating,A3
124,184,toulouse,docked_bike,ok
125,0060bbb8-5350-4998-9cfb-ba1e314c1edf,voi_Grenoble,free_floating,A3
126,f72dd236-e7f7-4fe8-9b71-e9f5db893ad8,bird-vichy,free_floating,A3
127,55d2c5cc-01b9-45b8-b3a6-04440261ea61,bird-bordeaux,free_floating,A3
128,basque_country_parking_71957_zidYDDB4WOL,pony_Basque_Country,free_floating,A3
129,18023659071,Paris,docked_bike,ok
130,bordeaux_parking_Marquage_973131_zidDL01DC64,pony_bordeaux,free_floating,A3
131,ctbhn6o1snvdkble5qug,twisto_velolib_caen,docked_bike,ok
132,50003,cergy,docked_bike,ok
133,1817,citiz_alpes_loire,carsharing,A1
134,3171542f-617d-4ce9-9e49-30b001de70a8,dott-bordeaux,free_floating,A3
135,210387163,Paris,docked_bike,ok
136,chf7r043casf4nvmd3h0,velivert_saint_etienne,docked_bike,ok
137,e8621f0c-85f9-40ce-a355-2858b14be6c0,dott-bordeaux,free_floating,A3
138,17083,donkey_valenciennes,docked_bike,ok
139,20129,donkey_brest,docked_bike,ok
140,a26c5b0e-25c1-4539-83a4-106baebadba4,dott-paris,free_floating,A3
141,1063053136,Paris,docked_bike,ok
142,la_roche_sur_yon_parking_Rdpt_Charles_Sorin_zidSFAOV0Z5,pony_La_Roche_Sur_Yon,free_floating,A3
143,1526,citiz_la_rochelle,carsharing,A1
144,39,toulouse,docked_bike,ok
145,8d02c19a-c80a-46a8-83e8-2ad5f00ddef4,dott-bordeaux,free_floating,A3
146,5e24a1ba-27f5-422b-a845-78729f576299,voi_Marseille,free_floating,A3
147,208,v_lille,docked_bike,ok
148,limoges_parking_130_Av__Montjovis_zidJ3MUDRV8,pony_Limoges,free_floating,A3
149,a2a2c193-f451-4db0-9f22-1d58fa533a19,voi_Marseille,free_floating,A3
150,307ea13c-bcf5-4caa-b782-5e226613485c,dott-paris,free_floating,A3
151,cka2u5d9c51sanpn6hn0,vivelo,docked_bike,ok
152,207633746,Paris,docked_bike,ok
153,158,velo-tbm-bordeaux,docked_bike,ok
154,54000605,Paris,docked_bike,ok
155,1008,citiz_alpes_loire,carsharing,A1
156,f0e07352-5f20-4d4d-bbe8-0d9774b5b863,voi_SQY,free_floating,A3
157,ciaq8s0k59geca2m8bog,velo-modalis,docked_bike,ok
158,9377a474-4903-4462-80a2-0a55dd2be91c,voi_Marseille,free_floating,A3
159,8f76ab8f-7eb1-4f2e-aede-dadbb2de505c,dott-bordeaux,free_floating,A3
160,82337423,Paris,docked_bike,ok
161,1002,lyon,docked_bike,ok
162,083a2441-fe21-491c-abce-68e68e912e9e,voi_Marseille,free_floating,A3
163,4ac2601e-9177-4e8f-89a1-59c95f540a60,dott-paris,free_floating,A3
164,213,v_lille,docked_bike,ok
165,f72f3bca-4192-4055-886f-7272d3017400,dott-paris,free_floating,A3
166,351,aupa,carsharing,A1
167,cirqbn4g3q5td18hqnfg,velozef,docked_bike,ok
168,stn_XxGCY8422RGxZZ5Qzy9pZb,ogalo,docked_bike,ok
169,1506,citiz_la_rochelle,carsharing,A1
170,13,velo-tbm-bordeaux,docked_bike,ok
171,st_d18jddmrumbh8rh03ss0,Optymo_FR_Belfort,docked_bike,ok
172,stn_EvBPTc3ZfAxrmkeKJygest,velocite,docked_bike,ok
173,78,citiz_grand_est,carsharing,A1
174,stn_5BXybgcYEno8qHUwyxiuZR,tlpmobilites,docked_bike,ok
175,6515,Paris,docked_bike,ok
176,309,toulouse,docked_bike,ok
177,080a6135-0ecb-4790-9a94-a52131155540,dott-paris,free_floating,A3
178,501ef18f-390d-40e8-9d51-73bbca204059,bird-bordeaux,free_floating,A3
179,stn_EpfsDgRjKArscpt6ZzpNCt,capcotentin,docked_bike,ok
180,57e616ae-4a00-49e8-b6e2-dfa90aabb6c2,voi_Grenoble,free_floating,A3
181,629cfdde-2c45-4b7c-a246-d1f76af6485c,dott-paris,free_floating,A3
182,58a52007-a32e-4359-9577-164adbb2e718,dott-lyon,free_floating,A3
183,d0664f4d-6250-44c6-9936-43154adf6204,dott-paris,free_floating,A3
184,925af14f-2093-4c28-8653-98aa5a6411d0,dott-paris,free_floating,A3
185,1276,citiz_occitanie,carsharing,A1
186,chf7r343casf4nvmd4gg,velivert_saint_etienne,docked_bike,ok
187,77fcd1a8-f3f3-46de-836a-8ba20743def2,bird-bordeaux,free_floating,A3
188,ch8cin5lc8te4d3h849g,auxrmlevelo,docked_bike,ok
189,lorient_parking_11063281147_zidHNLLZWNJ,pony_Lorient,free_floating,A3
190,stn_3U9PmyTspay9j8zejfY3yK,tanlib,docked_bike,ok
191,377,citiz_metropole_lyon,carsharing,A1
192,d86821ca-59cc-42cc-8a80-39056ee99e4c,dott-paris,free_floating,A3
193,70e7ab02-e2b9-481d-89bb-c326dcbb0ba0,dott-bordeaux,free_floating,A3
194,bordeaux_parking_Arceau_12289_zidS8BAAOQ7,pony_bordeaux,free_floating,A3
195,66491373,Paris,docked_bike,ok
196,9a17b264-5487-4f20-acbd-94da1a4686e8,dott-paris,free_floating,A3
197,353462947,Paris,docked_bike,ok
198,5009,lyon,docked_bike,ok
199,108,v_lille,docked_bike,ok
200,521000e8-1dc7-4828-bace-13a1e20e9440,dott-paris,free_floating,A3
201,1403,citiz_provence,carsharing,A1
202,1063017616,Paris,docked_bike,ok
203,1b875085-7513-4931-b6d3-69c4f16c0f5c,dott-bordeaux,free_floating,A3
204,stn_GoVBciBw7RSJTkUhvyLqeX,velibeo,docked_bike,ok
205,210582231,Paris,docked_bike,ok
206,d4a454c2-a999-49ae-85c6-a3a167b9e814,dott-versailles-grand-parc,free_floating,A3
207,perpignan_parking_zidR340JWXR,pony_Perpignan,free_floating,A3
208,st_d0q8h325u9tmfvdh5ga0,velonecy60minutes_annecy,docked_bike,ok
209,1452,citiz_provence,carsharing,A1
210,7db77658-e226-4bd5-ae32-f1ab964071c8,dott-paris,free_floating,A3
211,153654d3-ce30-43a6-bd72-5cabad3f7cf0,dott-bordeaux,free_floating,A3
212,19016722230,Paris,docked_bike,ok
213,839f663e-b865-46af-9f0c-3308c49b5ce8,dott-paris,free_floating,A3
214,bordeaux_parking_Arceau_14802_zid9MZLDFAK,pony_bordeaux,free_floating,A3
215,223c27b1-41e6-4268-b6b5-8f69229de93c,dott-bordeaux,free_floating,A3
216,paris_parking_AUGUSTE_BLANQUI_zid2OWDQWDQ,pony_paris,free_floating,A3
217,db543d89-9bf5-4b0f-9ac5-fe61d46f04f4,dott-paris,free_floating,A3
218,paris_parking_ERNESTINE_zid2EKN1BBV,pony_paris,free_floating,A3
219,5dc2aebb-62a2-485c-986a-fecc4dff6010,dott-bordeaux,free_floating,A3
220,197235b9-3b2f-4523-9451-60f084d5f054,dott-bordeaux,free_floating,A3
221,3fbd5784-e2eb-4ebd-bdb6-eb5d7e04c4c6,voi_Le_Havre,free_floating,A3
222,46502017-864e-4be0-ac0a-dd9a8691a21c,dott-paris,free_floating,A3
223,stn_KFsHUNDZYsyWSNFd7n5ju4,capcotentin,docked_bike,ok
224,ce7a93db-1ddb-410b-8a9e-ea5085dbed60,dott-ol-vallee,free_floating,A3
225,344,toulouse,docked_bike,ok
226,5eb54dcc-6afc-419c-bd6c-533cd7b5ac23,bird-bordeaux,free_floating,A3
227,62358e6f-5d39-43c7-aa79-0bd7b157f99c,dott-paris,free_floating,A3
228,d49855f4-6790-479e-bbc4-5c1534104d0c,dott-bordeaux,free_floating,A3
229,1a4080a3-d2fa-4f87-b7b2-ba1fa1913993,bird-bordeaux,free_floating,A3
230,19495456684,Paris,docked_bike,ok
231,14,nancy,docked_bike,ok
232,8060,lyon,docked_bike,ok
233,f0950e27-f410-4a4d-974c-b6d5bd15c130,voi_Marseille,free_floating,A3
234,st_d3d597umbtds73djab4g,idecycle_pau,docked_bike,ok
235,7f4ec37d-f90c-46f4-9615-3ad4b099e62c,dott-paris,free_floating,A3
236,58d34f4c-c83b-4231-b518-a9b0f01e262c,dott-paris,free_floating,A3
237,2a26aae8-9b7b-4c91-81c7-c80d358a6c2c,dott-paris,free_floating,A3
238,101743895,Paris,docked_bike,ok
239,139,toulouse,docked_bike,ok
240,9002,lyon,docked_bike,ok
241,bordeaux_parking_Arceau_15159_zid3RMPR2RM,pony_bordeaux,free_floating,A3
242,cc4bcce7-29e3-403c-bdb2-8fe89648ed1b,bird-larochesuryon,free_floating,A3
243,1624,auto-en-velay,carsharing,A1
244,4559,inurba-rouen,docked_bike,ok
245,perpignan_parking_Av__Joseph_Sauvy_Corps_de_Garde_zidD5BQSRFQ,pony_Perpignan,free_floating,A3
246,17527065847,Paris,docked_bike,ok
247,ce4bh5p2rcd13ifvqe4g,levelo_inurba_marseille,docked_bike,ok
248,4567,inurba-rouen,docked_bike,ok
249,3739910b-7f6a-4989-ac5a-d2e926568518,dott-paris,free_floating,A3
250,st_d3j5ugp08ojc73fj9d10,levelo_inurba_marseille,docked_bike,ok
251,1485,citiz_grand_poitiers,carsharing,A1
252,c7cb65d3-32d2-4446-b2fc-306c49796252,bird-bordeaux,free_floating,A3
253,1631,auto-en-velay,carsharing,A1
254,e9703a33-94b3-4a8c-b261-fbf6d1869dd8,dott-siemu,free_floating,A3
255,bordeaux_parking_Arceau_12363_zidZGCIG64R,pony_bordeaux,free_floating,A3
256,26bb0e22-1751-4ed5-a212-01ec281ccac4,dott-paris,free_floating,A3
257,20637036701,Paris,docked_bike,ok
258,3e85b60b-1dfc-4cf6-9625-54a465d66edc,dott-paris,free_floating,A3
259,st_d18njfsdlg9eg0lfroig,Optymo_FR_Belfort,docked_bike,ok
260,812,citiz_alpes_loire,carsharing,A1
261,angers_parking_BikeRack_Geveko_zid69W2QA9T,pony_Angers,free_floating,A3
262,37815993,Paris,docked_bike,ok
263,d3370fdf-0bac-4ba2-baf7-7042aaa480b4,dott-paris,free_floating,A3
264,st_d34n07umbtds7381rb90,grand-est,docked_bike,ok
265,538503466,nextbike_ah,docked_bike,ok
266,5a85f8b5-1a12-4217-a384-28835241746c,dott-paris,free_floating,A3
267,1266,citiz_alpes_loire,carsharing,A1
268,84,calais-velos,docked_bike,ok
269,16d89a63-b548-401c-9b59-e018e38689ec,dott-bordeaux,free_floating,A3
270,213686749,Paris,docked_bike,ok
271,57a2f1a1-46c6-490d-b406-8811089e15fc,bird-gap,free_floating,A3
272,angers_parking_Point_45_zidCFTRXOGI,pony_Angers,free_floating,A3
273,75038a8f-2130-4f0d-b6b9-7b2bd209cc70,dott-lyon,free_floating,A3
274,bordeaux_parking_Arceau_14044_zid650RVQXE,pony_bordeaux,free_floating,A3
275,nice_parking_Rue_Claude_Debussy_zid3H8GLYZF,pony_Nice,free_floating,A3
276,5a91d89d-a500-4bca-b419-f69ef75cb653,bird-bordeaux,free_floating,A3
277,8d9037e6-27a1-4a69-b0b2-a39fa0356f2c,dott-paris,free_floating,A3
278,paris_parking_DURET_zidENYIDJCW,pony_paris,free_floating,A3
279,bordeaux_parking_Arceau_Alzon_2_zidULFO7BKZ,pony_bordeaux,free_floating,A3
280,81,v_lille,docked_bike,ok
281,BikeRack Barbreau,pony_Angers,free_floating,A3
282,54f5ce9e-9278-48c8-8699-c88f07573920,dott-paris,free_floating,A3
283,71bb0ec0-0b7b-4870-abd6-7111e7833290,dott-paris,free_floating,A3
284,190aafa6-6e1c-42b8-8349-72f25f64d8ef,voi_SQY,free_floating,A3
285,59,libelo,docked_bike,ok
286,82dda16d-161d-4847-aa98-8dbdf3acf7e4,dott-paris,free_floating,A3
287,angers_parking_3_zidBARKXY1V,pony_Angers,free_floating,A3
288,737,citiz_alpes_loire,carsharing,A1
289,94d483cd-602f-43de-b040-7a0fd7b4dd88,dott-paris,free_floating,A3
290,b33c813e-134b-4ddf-afb9-887da1a022a4,dott-paris,free_floating,A3
291,71862c5b-27fb-44e7-bb23-1c13a9bca20c,dott-paris,free_floating,A3
292,0ea45aa0-d626-4d84-9e96-587cf2119385,voi_Grenoble,free_floating,A3
293,nice_parking_89_zid8BESGCX1,pony_Nice,free_floating,A3
294,9b4e91c0-34f6-41c2-acc7-62a5d820e570,dott-paris,free_floating,A3
295,20512737633,Paris,docked_bike,ok
296,st_d1r04fq2iilll6d8gcrg,vilvolt_epinal,docked_bike,ok
297,63a4e233-79c7-4f5a-a938-b8a76f0300c4,dott-paris,free_floating,A3
298,paris_parking_CUSTINE_zidBPSEPL8R,pony_paris,free_floating,A3
299,439,citiz_metropole_lyon,carsharing,A1
300,71,citiz_grand_est,carsharing,A1
301,5c363065-8749-4a56-ae7a-d5dff1f8dc04,dott-paris,free_floating,A3
302,poitiers_parking_9_Av_Louis_Michel_le_Peletier_zidTNQTOMG6,pony_poitiers,free_floating,A3
303,bordeaux_parking_Arceau_14033_zid6CFEJSDY,pony_bordeaux,free_floating,A3
304,22,calais-velos,docked_bike,ok
305,1074142878,Paris,docked_bike,ok
306,6820c219-1f5d-4aef-8c0d-b0af421a7250,dott-paris,free_floating,A3
307,2448d173-4b00-4644-bcd2-040e32fc1f07,voi_Marseille,free_floating,A3
308,26eb48c0-5cca-4267-8ac0-45333ea683c8,dott-paris,free_floating,A3
309,36,v_lille,docked_bike,ok
310,3031,lyon,docked_bike,ok
311,ac47241d-cf51-4ced-9e27-42633dbf5368,dott-lyon,free_floating,A3
312,36aeb47d-3359-4451-99ab-445369db8704,dott-paris,free_floating,A3
313,paris_parking_CHANZY_zidTX5869R8,pony_paris,free_floating,A3
314,33a5a360-a978-44e5-925c-665444d30e40,dott-paris,free_floating,A3
315,27363206,Paris,docked_bike,ok
316,c18e0ac3-57ee-4ed2-83a7-844c6623e320,dott-lyon,free_floating,A3
317,4ed99045-2821-4cae-983e-4e3e495b5a53,bird-bordeaux,free_floating,A3
318,220502135,Paris,docked_bike,ok
319,7fa25c50-d0b5-4eb1-acb3-ec8119f13d36,bird-marseille,free_floating,A3
320,b89a51f1-8d30-4ba4-bd52-3a56b4d7d5e8,dott-paris,free_floating,A3
321,54000623,Paris,docked_bike,ok
322,1429,citiz_provence,carsharing,A1
323,st_d3d596umbtds73dja9s0,idecycle_pau,docked_bike,ok
324,847,citiz_alpes_loire,carsharing,A1
325,210395439,Paris,docked_bike,ok
326,bordeaux_parking_Arceau_15113_zidESZORKQB,pony_bordeaux,free_floating,A3
327,ch8civtlc8te4d3h8970,auxrmlevelo,docked_bike,ok
328,04a46ec6-e68e-4017-aee6-a0bbea1f00b0,dott-bordeaux,free_floating,A3
329,1ed4bd00-3b8b-4e98-9553-79c27a70b169,bird-marseille,free_floating,A3
330,87b7538f-1d8a-479c-ab8d-1a81f35b6024,dott-bordeaux,free_floating,A3
331,538520633,nextbike_ah,docked_bike,ok
332,281,mp_CHATELLERAULT,docked_bike,ok
333,101738550,Paris,docked_bike,ok
334,29,v_lille,docked_bike,ok
335,69,calais-velos,docked_bike,ok
336,1057039016,Paris,docked_bike,ok
337,2b8cc183-3022-4b79-892f-86dd695ecaec,dott-paris,free_floating,A3
338,4a217422-b009-4d8f-b636-b0f8eccc4c20,dott-bordeaux,free_floating,A3
339,825378f9-bc4e-4c95-b458-38cbee9e7750,bird-marseille,free_floating,A3
340,82419429,Paris,docked_bike,ok
341,243,v_lille,docked_bike,ok
342,1e25fcb6-e91e-460a-be14-c2087bdedd44,bird-bordeaux,free_floating,A3
343,285fd809-8396-44d1-8988-8a7ad961fd0b,Optymo_Belfort_ALS,carsharing,A1
344,e068f34c-022a-4cb4-ac49-42962a997c4c,dott-paris,free_floating,A3
345,20076,donkey_brest,docked_bike,ok
346,66491405,Paris,docked_bike,ok
347,707,citiz_gironde,carsharing,A1
348,b7ddc1b0-9f20-40b7-b80a-822d1c854d40,voi_Marseille,free_floating,A3
349,evry_parking_22_rue_Jean_Mermoz_zidBXANRJCL,pony_Evry,free_floating,A3
350,a0daeb32-5e8f-430c-9c92-6dfe6d2b36a8,bird-bordeaux,free_floating,A3
351,e88a7d42-1705-4094-b343-93e48285c3a0,dott-paris,free_floating,A3
352,bordeaux_parking_Arceau_15457_zid83WZB3PM,pony_bordeaux,free_floating,A3
353,cirqbskg3q5td18hqqmg,velozef,docked_bike,ok
354,paris_parking_BOURGOGNE_zidM3CGOEZB,pony_paris,free_floating,A3
355,365,citiz_metropole_lyon,carsharing,A1
356,126,nantes,docked_bike,ok
357,paris_parking_BEAUJOLAIS_zid41XMY3GM,pony_paris,free_floating,A3
358,dc1326b7-9e29-4e1f-ac16-d8ce6c28a8ec,dott-paris,free_floating,A3
359,bordeaux_parking_Arceau_11094_zidXM8GO78N,pony_bordeaux,free_floating,A3
360,538306450,nextbike_ah,docked_bike,ok
361,stn_8zumLWVB67cFhznaPaAdW2,tanlib,docked_bike,ok
362,6d324309-9cf9-4331-8a09-0a0f3400d330,dott-lyon,free_floating,A3
363,poitiers_parking_Mignaloux_Gare_zidB1OVDOAR,pony_poitiers,free_floating,A3
364,ce4bhh12rcd13ifvqff0,levelo_inurba_marseille,docked_bike,ok
365,206,velo-tbm-bordeaux,docked_bike,ok
366,311552027,Paris,docked_bike,ok
367,5e86853c-8423-41bb-9941-7e2191ca017c,dott-paris,free_floating,A3
368,ac8361c9-0988-449c-8864-f82193229140,dott-paris,free_floating,A3
369,89,knot_strasbourg,free_floating,A3
370,107,citiz_grand_est,carsharing,A1
371,4,v_lille,docked_bike,ok
372,650af48b-66dc-4a92-87a0-0094ac2071e4,dott-paris,free_floating,A3
373,8d56ac6c-0333-4def-bac2-c82fe5f54b38,voi_Marseille,free_floating,A3
374,bordeaux_parking_Arceau_15014_zidY3DEG85O,pony_bordeaux,free_floating,A3
375,6f656149-9e62-432c-8891-ca63b843a434,dott-bordeaux,free_floating,A3
376,35089539,Paris,docked_bike,ok
377,2ac9fde6-0b53-4b19-b6b9-34af63c50860,dott-paris,free_floating,A3
378,stn_LtDN7o64vFVMe5uhrnDj9i,tanlib,docked_bike,ok
379,stn_gnvsYc9fSY9i8PnQdVf8An,impulsyon,docked_bike,ok
380,40,calais-velos,docked_bike,ok
381,10120,lyon,docked_bike,ok
382,887,citiz_alpes_loire,carsharing,A1
383,cdbudsfs9nk7sv35797g,ti_velo,docked_bike,ok
384,695cf7ab-25cd-46cb-a02a-03ddc1db6980,dott-bordeaux,free_floating,A3
385,305,citiz_lille_arras,carsharing,A1
386,st_d0q8h2a5u9tmfvdh5fag,velonecy60minutes_annecy,docked_bike,ok
387,6d7d2282-4ccd-413c-a28c-ab56d947b73c,dott-paris,free_floating,A3
388,stn_GUp5ay6igcNByk6wKpdYc4,capcotentin,docked_bike,ok
389,cirqbqcg3q5td18hqplg,velozef,docked_bike,ok
390,51,calais-velos,docked_bike,ok
391,perpignan_parking_Rue_du_Moulin_zidZCR0ZWYU,pony_Perpignan,free_floating,A3
392,1181,citiz_metropole_lyon,carsharing,A1
393,d63e372c-b551-4be0-ae5e-b93aa3159444,dott-paris,free_floating,A3
394,d0a18da0-9b79-4f67-91f5-3dc3bb9c7384,voi_Grenoble,free_floating,A3
395,094eeacf-6569-446a-a9e2-728321f8ef24,dott-paris,free_floating,A3
396,730e58af-7d36-46ed-bc56-613464599d44,dott-bordeaux,free_floating,A3
397,08db1aee-da18-452f-8088-744bf01b9cc8,dott-paris,free_floating,A3
398,b5498479-4342-4666-b95f-e7021f26423c,bird-bordeaux,free_floating,A3
399,angers_parking_6_zidYNR7IPII,pony_Angers,free_floating,A3
400,Herouville_19_Avenue_du_Bois,pony_Herouville,free_floating,A3
401,perpignan_parking_Station_2___18_avenue_Pablo_Cassals_zid4QL5CE5X,pony_Perpignan,free_floating,A3
402,paris_parking_WASHINGTON_zidPNE01JFZ,pony_paris,free_floating,A3
403,1378,citiz_provence,carsharing,A1
404,bordeaux_parking_Arceau_11589_zidFIOOJ06W,pony_bordeaux,free_floating,A3
405,692,citiz_gironde,carsharing,A1
406,284,citiz_angers,carsharing,A1
407,0afb4235-451c-40e7-bc8c-dd0c454bcf6c,dott-paris,free_floating,A3
408,5bce202c-6c78-445e-88db-c62900adf010,dott-bordeaux,free_floating,A3
409,7c9849a4-a182-43b9-ad09-40af5d90c56c,dott-paris,free_floating,A3
410,113,mvelo_plus_grenoble,free_floating,A3
411,18,toulouse,docked_bike,ok
412,14813797734,Paris,docked_bike,ok
413,3e9e6e47-683c-4698-8c25-dd3dc325d08f,voi_Le_Havre,free_floating,A3
414,limoges_parking_Place_d_Aine_zid6Z6X6R43,pony_Limoges,free_floating,A3
415,a5eb976f-1268-4e9d-b428-b928aedc4803,bird-vichy,free_floating,A3
416,5e7a2478-08fd-4764-a179-f18ee9b90158,dott-paris,free_floating,A3
417,lorient_parking_11063281151_zid7MOIZCNT,pony_Lorient,free_floating,A3
418,cj3rgm30nhco6k0c34dg,vilvolt_epinal,docked_bike,ok
419,35001,lyon,docked_bike,ok
420,paris_parking_MONTERA_zidCHYITTP5,pony_paris,free_floating,A3
421,745,mp_OSSAU,docked_bike,ok
422,1758,citiz_grand_est,carsharing,A1
423,343,citiz_lille_arras,carsharing,A1
424,cj5r0ob0nhco6k5fn5ig,auxrmlevelo,docked_bike,ok
425,1f17263e-1e89-4945-adcc-b9fc4744b588,dott-paris,free_floating,A3
426,41523981,Paris,docked_bike,ok
427,Bourges_parking_185,pony_Bourges,free_floating,A3
428,st_d1a2b5kdlg9eg0lhb7og,auxrmlevelo,docked_bike,ok
429,0643fa4b-abae-4400-80e5-ccae3c039a48,dott-paris,free_floating,A3
430,0f89b990-7654-4637-87d1-c9efe913022b,voi_Marseille,free_floating,A3
431,8862a173-8d64-4320-a1a6-fe5cd72194b0,dott-paris,free_floating,A3
432,390212609,Paris,docked_bike,ok
433,bordeaux_parking_Arceau_12239_zid34DZLEQ1,pony_bordeaux,free_floating,A3
434,1172,citiz_metropole_lyon,carsharing,A1
435,6011,lyon,docked_bike,ok
436,bordeaux_parking_Arceau_11935_zidK2O2LORB,pony_bordeaux,free_floating,A3
437,5a8de6bd-8067-4970-9be4-332f1933e8dc,dott-bordeaux,free_floating,A3
438,42921455-c37a-4b6b-8944-30d34fd282f4,dott-paris,free_floating,A3
439,1074339090,Paris,docked_bike,ok
440,angers_parking_10_zidZ6BJ4PEB,pony_Angers,free_floating,A3
441,538516101,nextbike_ah,docked_bike,ok
442,paris_parking_FLEURUS_zidPBSJ38U4,pony_paris,free_floating,A3
443,870ad6c3-00ed-41ac-b938-a9ea0aaf2590,dott-paris,free_floating,A3
444,stn_nrwJaMwwFsDozCnotmDuHR,ogalo,docked_bike,ok
445,e6fed684-2e26-4228-b014-82c372b4aebc,dott-paris,free_floating,A3
446,1146,citiz_metropole_lyon,carsharing,A1
447,54000561,Paris,docked_bike,ok
448,da1295a9-fab0-45a5-a1bc-69f910914590,dott-paris,free_floating,A3
449,796,citiz_alpes_loire,carsharing,A1
450,538cbfa1-5b88-4f7f-8b9a-a0dfbd2c0ac3,voi_SQY,free_floating,A3
451,bordeaux_parking_Arceau_13551_zidOLEPY9QO,pony_bordeaux,free_floating,A3
452,27415224,Paris,docked_bike,ok
453,3294f9b4-cb55-4c8e-9cd9-cf4ac21d2a3c,dott-paris,free_floating,A3
454,043,montpellier,docked_bike,ok
455,1792,citiz_grand_est,carsharing,A1
456,13,v_lille,docked_bike,ok
457,1039,citiz_alpes_loire,carsharing,A1
458,8a709303-500c-4129-8803-3c0cc62f9242,bird-sarreguemines,free_floating,A3
459,1158,citiz_metropole_lyon,carsharing,A1
460,5d7ce8f1-a941-47d5-b58b-7543719a8800,bird-millau,free_floating,A3
461,102,velo-tbm-bordeaux,docked_bike,ok
462,stn_NFyf3iRrQVGWwXbncTH959,tlpmobilites,docked_bike,ok
463,stn_9A7kPJo2KAEErpZFBWy6Yr,cyclam,docked_bike,ok
464,bordeaux_parking_Marquage_80402_zid8LFX8LDS,pony_bordeaux,free_floating,A3
465,5129ce99-61a4-4344-8ea6-e64641b9acc0,dott-paris,free_floating,A3
466,bordeaux_parking_Arceau_12929_zid57OUBYEL,pony_bordeaux,free_floating,A3
467,ce4bhqp2rcd13ifvqhng,levelo_inurba_marseille,docked_bike,ok
468,0555fa0c-18cd-4005-877b-591ea05b935a,bird-vichy,free_floating,A3
469,1507,citiz_la_rochelle,carsharing,A1
470,stn_JPYqriTdh8Rnyv2sHdzxEs,capcotentin,docked_bike,ok
471,03fb546f-7d3b-4a20-9a39-c252c4394f11,bird-bordeaux,free_floating,A3
472,366,citiz_metropole_lyon,carsharing,A1
473,stn_5hULajDnT58G6ACrSc4vjv,chantrerie,free_floating,A3
474,d0ea1a73-19fb-4034-b542-86c37f5c9724,dott-lyon,free_floating,A3
475,da347797-62b9-4bdd-b380-2ce3dca25518,dott-versailles-grand-parc,free_floating,A3
476,5ee942ce-f434-4dfd-b1d5-014b3e7a55cc,dott-paris,free_floating,A3
477,cc3131e4-b91d-4820-9e47-0e3ad91dab24,dott-paris,free_floating,A3
478,af99a743-cd52-4867-8db8-81b46547b440,dott-bordeaux,free_floating,A3
479,0a9028bf-61c2-48de-aae8-13c8c565c89c,dott-paris,free_floating,A3
480,cpbfgi40a5bcngo02tlg,velopop,docked_bike,ok
481,83,toulouse,docked_bike,ok
482,653139063,Paris,docked_bike,ok
483,perpignan_parking_BikeRack_Lidl_centre_zidKGHYIDOP,pony_Perpignan,free_floating,A3
484,197,toulouse,docked_bike,ok
485,5f537d12-8166-4c69-a3b9-92824b8024a8,bird-bordeaux,free_floating,A3
486,stn_QgVjDYKACbc4Y9VwPSDbqv,beb,docked_bike,ok
487,974,citiz_alpes_loire,carsharing,A1
488,08927d3b-4582-4af3-9398-ab43ce852f30,dott-bordeaux,free_floating,A3
489,paris_parking_DOCTEUR_BLANCHE_zidWR66VUJJ,pony_paris,free_floating,A3
490,1790,citiz_grand_est,carsharing,A1
491,30550,Paris,docked_bike,ok
492,1611,citiz_bfc,carsharing,A1
493,653190196,Paris,docked_bike,ok
494,1c151695-8a53-45e3-8471-90bfc7b3d5cd,bird-montlucon,free_floating,A3
495,201,velo-tbm-bordeaux,docked_bike,ok
496,102328355,Paris,docked_bike,ok
497,2f310b26-6247-49d8-80dd-8de8f6509da3,bird-bordeaux,free_floating,A3
498,perpignan_parking_Place_Gabriel_Peri_zid21R4RQR9,pony_Perpignan,free_floating,A3
499,e2a17563-7874-495e-8c78-c4de6e84b134,dott-paris,free_floating,A3
500,54000587,Paris,docked_bike,ok
