row_id,station_id,system_id,system_name,city,station_name,lat,lon,capacity,is_virtual_station_hint,label
1,1991f970-50e8-4747-8f50-b3f5bb924488,dott-lyon,Dott Lyon,Lyon,AC Rochaix,45.7477,4.87762,,True,
2,stn_MsWRwNgiy7Z6vgETXDuaxR,calivelo,CaliVélo,Libourne,ZA Palard,45.05161,-0.11348,10.0,False,
3,bordeaux_parking_Arceau_13933_zid51TN7DBX,pony_bordeaux,Pony Bordeaux,Bordeaux,bordeaux_parking_Arceau_13933_zid51TN7DBX,44.82688,-0.57631,,True,
4,8,libelo,Libélo,Valence,Dunkerque,44.9366,4.899,10.0,False,
5,256403519,Paris,Vélib' Metropole,Paris,Place Pigalle,48.88276,2.33616,21.0,False,
6,angers_parking_BikeRack_10_BD_Jeanneteau_zidPHCWPWA9,pony_Angers,Pony Angers,Angers,angers_parking_BikeRack_10_BD_Jeanneteau_zidPHCWPWA9,47.49315,-0.55149,,True,
7,cd6d77b6-a60a-4bc5-b63d-3c38c30c7314,dott-paris,Dott Paris,Paris,id_32461,48.86705,2.28775,,True,
8,ce4bhb92rcd13ifvqen0,levelo_inurba_marseille,levélo - Marseille,Marseille,Plage des Catalans,43.2901,5.35611,30.0,False,
9,13373801574,Paris,Vélib' Metropole,Paris,Gare RER,48.89628,2.45816,30.0,False,
10,1034,citiz_alpes_loire,Citiz Alpes Loire,Grenoble,Quais de France (48),45.19342,5.72072,4.0,False,
11,93,toulouse,VélÔToulouse,Toulouse,BD MATABIAU - INGRES,43.61457,1.44357,17.0,False,
12,e2d22a36-31a9-4f1d-a88e-941a01458664,dott-gpseo,Dott Gpseo,Grand Paris Seine et Oise,POI61 Maréchal Foch,48.93073,2.05262,,True,
13,bordeaux_parking_Arceau_13810_zidH2YT0MY2,pony_bordeaux,Pony Bordeaux,Bordeaux,bordeaux_parking_Arceau_13810_zidH2YT0MY2,44.83196,-0.59397,,True,
14,stn_PnqB4i8fT4RQCYVvkQrdGF,capcotentin,CapCotentin,Cherbourg-en-Cotentin,Flamands,49.65125,-1.58401,5.0,False,
15,af1cdd41-190f-48c3-922f-bc28e80b50d0,dott-paris,Dott Paris,Paris,id_31905,48.84138,2.39216,,True,
16,5f47e617-94bd-4201-9902-024f937a60dc,dott-paris,Dott Paris,Paris,id_55395,48.8706,2.27451,,True,
17,81dd11bd-217b-45ed-91b4-23b5b6f0be52,Optymo_Belfort_ALS,Optymo Belfort Auto libre-service,Belfort,CHA1 Bavilliers,47.62236,6.83126,,False,
18,129134084,Paris,Vélib' Metropole,Paris,Morice - Général Leclerc,48.90245,2.31289,25.0,False,
19,paris_parking_BELIDOR_zidYP3IJHOK,pony_paris,Pony Paris,Paris,paris_parking_BELIDOR_zidYP3IJHOK,48.88026,2.2857,2.0,True,
20,93b165a6-3cb3-4793-9f64-78593486113e,bird-bordeaux,Bird Bordeaux,Bordeaux,"4 Rue d'Enghien, 33000 Bordeaux, France",44.84583,-0.57631,,True,
21,751,citiz_alpes_loire,Citiz Alpes Loire,Grenoble,CPAM Liberation (90),45.17131,5.7132,1.0,False,
22,837,citiz_alpes_loire,Citiz Alpes Loire,Grenoble,Frédéric Dard,45.59109,5.27506,2.0,False,
23,1d1664d3-dda7-4547-9979-acc769b4f2dc,dott-lyon,Dott Lyon,Lyon,"[4.891946,45.819371]",45.81937,4.89195,,True,
24,74,mvelo_plus_grenoble,Mvélo+,Grenoble,CLOYERES,45.26448,5.8783,,True,
25,stn_k9Z9iQuy6vNdJtCHjaPVvQ,calivelo,CaliVélo,Libourne,Lycée Max Linder,44.91783,-0.24097,10.0,False,
26,966,citiz_alpes_loire,Citiz Alpes Loire,Grenoble,Malakoff,45.18897,5.73843,2.0,False,
27,1366,citiz_occitanie,Citiz Occitanie,Toulouse,Patte d'oie,43.59596,1.42256,2.0,False,
28,nice_parking_Boulevard_James_Wyllie_base_de_voile_zidEWHTGGCH,pony_Nice,Pony Nice,"Nice, FR",22 | Boulevard James Wyllie | Antibes,43.57158,7.12761,100.0,True,
29,stn_nQ8agtNMbRPU4bVS422YmQ,tanlib,Vélo Tanlib,Niort,POLE ATLANTIQUE,46.31737,-0.48299,22.0,False,
30,d369c11c-8a83-41f7-a8bf-a2e9aee798ac,dott-paris,Dott Paris,Paris,id_39975,48.87246,2.37803,,True,
31,1731,citiz_occitanie,Citiz Occitanie,Toulouse,Flex Corraze,43.58133,1.48496,1.0,False,
32,bordeaux_parking_Arceau_14180_zidE6FANJQ8,pony_bordeaux,Pony Bordeaux,Bordeaux,bordeaux_parking_Arceau_14180_zidE6FANJQ8,44.82497,-0.5859,,True,
33,337,citiz_lille_arras,Citiz Lille Arras,Lille,BOURG,50.65298,3.02599,3.0,False,
34,41610121,Paris,Vélib' Metropole,Paris,Censier - Jardin des Plantes,48.84107,2.35548,28.0,False,
35,stn_ZPbKNmQzyz6ZtGUDifpsbn,perivelo,Périvélo,Périgueux,Halte Ferroviaire - Boulazac,45.17193,0.7726,20.0,False,
36,b949f104-2268-4570-95db-37d4c5f46444,dott-paris,Dott Paris,Paris,id_48908,48.84022,2.33637,,True,
37,bordeaux_parking_Arceau_10852_zidAJ71RCWK,pony_bordeaux,Pony Bordeaux,Bordeaux,bordeaux_parking_Arceau_10852_zidAJ71RCWK,44.81635,-0.55535,,True,
38,1057061349,Paris,Vélib' Metropole,Paris,Chancé Milly - Cimetière Communal Sud,48.89687,2.30392,32.0,False,
39,limoges_parking_4_Rue_Villaris_zidIN1RPB1L,pony_Limoges,Pony Limoges,Limoges,limoges_parking_4_Rue_Villaris_zidIN1RPB1L,45.83865,1.24749,,True,
40,10,nantes,Naolib,Nantes,PICASSO,47.21621,-1.5338,40.0,False,
41,3c9ee212-ff59-4b81-a634-de17aa6a9b80,dott-bourgoin-jallieu,Dott Bourgoin Jallieu,Bourgoin-Jallieu,SAINT HONORÉ 2,45.6079,5.26307,,True,
42,76507850,Paris,Vélib' Metropole,Paris,Dantzig - Lefebvre,48.83014,2.29593,33.0,False,
43,1187,citiz_alpes_loire,Citiz Alpes Loire,Grenoble,Place Saint-Bruno,45.36695,5.59253,2.0,False,
44,53e82715-22a5-49e5-8e61-c7e1a5e31bf5,bird-laval,Bird Laval,Laval,"2 Rue Joséphine Baker, 53000 Laval, France",48.08157,-0.79251,,True,
45,5802,inurba-rouen,LOVELO Libre-service,Rouen,129 - LYCEE DES BRUYERES,49.4125,1.07325,12.0,False,
46,52518,Paris,Vélib' Metropole,Paris,Louis Lumière.,48.86216,2.41113,22.0,False,
47,725,mp_ARBRESLE,PAYS DE L'ARBRESLE - VEL'PAR,Courzieu,COURZIEU MAIRIE,45.74229,4.57027,5.0,False,
48,85,nantes,Naolib,Nantes,BEL AIR,47.22639,-1.56002,14.0,False,
49,6438e81c-9d14-4b6c-87c5-cf3292c1a7e0,dott-paris,Dott Paris,Paris,id_old722808D20080918161456,48.86491,2.40405,,True,
50,ce4bhl12rcd13ifvqgf0,levelo_inurba_marseille,levélo - Marseille,Marseille,Rolland - Platanes,43.27172,5.40996,20.0,False,
51,165,v_lille,V'lille,Lille,Jean Sans Peur,50.63242,3.05831,14.0,False,
52,82ee6573-819e-4691-88e9-2bdbfd4565db,bird-draguignan,Bird Draguignan,Draguignan,"13 Avenue Patrick Rosso, 83300 Draguignan, France",43.53666,6.46835,,True,
53,378,toulouse,VélÔToulouse,Toulouse,BASSO CAMBO MÉTRO,43.56997,1.39181,13.0,False,
54,BikeRack 1 desjardins,pony_Angers,Pony Angers,Angers,BikeRack 1 desjardins,47.42864,-0.52783,,True,
55,5aa634f3-340e-445a-a14e-a16c2b303cbc,dott-bourgoin-jallieu,Dott Bourgoin Jallieu,Bourgoin-Jallieu,GENERAL VOISIN,45.59812,5.27376,,True,
56,121,amiens,Velam,Amiens,GARE PARVIS,49.89057,2.3075,30.0,False,
57,301841024,Paris,Vélib' Metropole,Paris,Molière - République,48.81112,2.31457,30.0,False,
58,10114,lyon,Vélo'v,Lyon,BEL AIR / LES BROSSES,45.75793,4.91078,20.0,False,
59,beauvais_parking_Centre_Commercial_zid6M50VVC9,pony_Beauvais,Pony Beauvais,Beauvais,beauvais_parking_Centre_Commercial_zid6M50VVC9,49.43456,2.106,,True,
60,1057399900,Paris,Vélib' Metropole,Paris,Placette Grégoire Collas,48.94342,2.24875,25.0,False,
61,367,citiz_metropole_lyon,Citiz Métropole Lyon,Lyon,Lyon 6ème - Parking LPA Morand,45.76773,4.84174,7.0,False,
62,perpignan_parking_BurgerKing_Est_zid1UHV5CR0,pony_Perpignan,Pony Perpignan,Perpignan,perpignan_parking_BurgerKing_Est_zid1UHV5CR0,42.68816,2.92391,,True,
63,0b1d8673-0492-446e-96a7-7266d14fa1d3,bird-bordeaux,Bird Bordeaux,Bordeaux,"196 Rue Achard, 33300 Bordeaux, France",44.87274,-0.54644,,True,
64,393,citiz_metropole_lyon,Citiz Métropole Lyon,Lyon,Lyon 3ème - Parking LPA Villette P2,45.76054,4.8617,2.0,False,
65,stn_oCiUJkTdD2a2FQXQgf66Ad,cyclovis,Cyclovis,Soissons,Centre Social de Presles,49.37342,3.3087,20.0,False,
66,653153519,Paris,Vélib' Metropole,Paris,Gare des Vallées,48.91318,2.25773,20.0,False,
67,151,citiz_grand_est,Citiz Grand Est,Strasbourg,Rome (Esplanade),48.57732,7.76886,3.0,False,
68,chf7qms3casf4nvmd1b0,velivert_saint_etienne,Vélivert,Saint-Étienne,Carnot,45.44712,4.38556,30.0,False,
69,perpignan_parking_PYRENEES_boulevard_des_zidIIK421TI,pony_Perpignan,Pony Perpignan,Perpignan,perpignan_parking_PYRENEES_boulevard_des_zidIIK421TI,42.69671,2.88827,,True,
70,ce96c26d-b6ae-4f4a-bcec-3c690d3330f0,dott-bordeaux,Dott Bordeaux,Bordeaux,BOETIE MARGAUX,44.91128,-0.6833,,True,
71,ee7f0eb3-636e-42f6-a4ef-74e2de58a98c,dott-paris,Dott Paris,Paris,id_56277,48.87911,2.37146,,True,
72,f7515b6e-99dc-4087-a74d-68efb9d21164,dott-paris,Dott Paris,Paris,id_old382006G200509050349,48.85839,2.35921,,True,
73,25e61dbb-6b2d-48a1-86e6-f9231cebed28,dott-bordeaux,Dott Bordeaux,Bordeaux,ARCEAU_VELO,44.83131,-0.58261,,True,
74,f028e1c6-14e0-4616-b6d1-c425e0039570,dott-paris,Dott Paris,Paris,id_old308602D20140310100532,48.87711,2.36627,,True,
75,f4ba8a9b-c71c-421d-a215-af1842026538,bird-bordeaux,Bird Bordeaux,Bordeaux,"79 Cr des Aubiers, 33300 Bordeaux, France",44.8722,-0.57239,,True,
76,800d77e1-013e-43af-a741-a4bf8d669e02,voi_Grenoble,Voi Grenoble,Grenoble,GRE276,45.1889,5.73874,12.0,True,
77,315ab6e6-70a5-4d0b-8695-d967ea60af74,dott-siemu,Dott SIEMU,Marne-la-Vallée,LSM - HENRI GABRIEL IBELS,48.86647,2.69851,,True,
78,cirqbucg3q5td18hqst0,velozef,VéloZef,Brest,Porte de Plouzané,48.37655,-4.55336,10.0,False,
79,21,citiz_bfc,Citiz BFC,Besançon,Théâtre,47.32173,5.04346,4.0,False,
80,644,citiz_gironde,Citiz Gironde,Bordeaux,Mairie (Parking rue Coudol),44.86592,-0.59953,1.0,False,
81,c3dja3uql9dm2f36adgg,vilvolt_epinal,Vilvolt,Épinal,4 nations,48.17627,6.44592,15.0,False,
82,10084,lyon,Vélo'v,Lyon,DOUA / AVENUE DES ARTS,45.78353,4.87129,30.0,False,
83,1522,citiz_developpement,Citiz Développement,France,ORANGERIE,46.1885,-1.11661,3.0,False,
84,stn_Hh8FncreXTLUjQV87B82Ny,cyclovis,Cyclovis,Soissons,Base Nautique - Pommiers,49.39087,3.27522,6.0,False,
85,44ee70b8-64f1-4189-9606-0d761c49b1b0,dott-paris,Dott Paris,Paris,id_old088112D20081120091335,48.8458,2.37097,,True,
86,ce4bgvp2rcd13ifvqcu0,levelo_inurba_marseille,levélo - Marseille,Marseille,Chutes Lavie - Guigou,43.31329,5.39684,20.0,False,
87,edfca9fe-0d84-4982-b86b-846f2aa452a9,bird-ajaccio,Bird Ajaccio,Ajaccio,"9 Bis Boulevard Albert 1er Plage Du Trottel, 20000, 20000 Ajaccio, France",41.9128,8.72576,,True,
88,paris_parking_ALBERT_ROUSSEL_zidQORA4HDR,pony_paris,Pony Paris,Paris,paris_parking_ALBERT_ROUSSEL_zidQORA4HDR,48.89186,2.3056,1.0,True,
89,c3c35209-0a19-4861-9947-ce3af234d208,dott-paris,Dott Paris,Paris,id_49375,48.8355,2.33042,,True,
90,paris_parking_MORLOT_zidLRYR0GVI,pony_paris,Pony Paris,Paris,paris_parking_MORLOT_zidLRYR0GVI,48.87701,2.33118,1.0,True,
91,8faf5e7c-623d-4582-a0aa-6e1c67062188,dott-bordeaux,Dott Bordeaux,Bordeaux,Pexotto,44.90106,-0.66951,,True,
92,1217,citiz_lille_arras,Citiz Lille Arras,Lille,PARKING G.DUPONT,50.61326,3.01821,2.0,False,
93,7b5c3db5-5912-4c4b-9aeb-43de810ad5a0,dott-paris,Dott Paris,Paris,id_31788,48.8486,2.39737,,True,
94,b0311592-00b4-46fb-a5a0-db63c5e12fec,dott-paris,Dott Paris,Paris,id_old450203G2006060985431,48.88364,2.3877,,True,
95,54585617-410c-4aa8-8d8e-502893c57398,dott-paris,Dott Paris,Paris,id_31794,48.84999,2.40243,,True,
96,5a395828-5e0a-4047-af1c-5593638526c8,dott-bordeaux,Dott Bordeaux,Bordeaux,Rue de Bussac,44.8874,-0.68403,,True,
97,cqocpipmrgc3lc0gde80,auray-quiberon,AQTA,Auray,Skatepark Auray,47.67079,-2.98858,10.0,False,
98,317,toulouse,VélÔToulouse,Toulouse,GAUSSEN - CROIX-BÉNITE,43.66202,1.43462,13.0,False,
99,0c393027-f3cb-4a14-9d88-9f1086fd8f66,voi_Marseille,Voi Marseille,Marseille,M12_50,43.30974,5.43769,5.0,True,
100,6007,lyon,Vélo'v,Lyon,MASSÉNA,45.76965,4.85237,27.0,False,
101,bourges_parking_Virtual_Musee_Ecole_militaire_2_zid13OTCYXN,pony_Bourges,Pony Bourges,Bourges,bourges_parking_Virtual_Musee_Ecole_militaire_2_zid13OTCYXN,47.06941,2.41455,,True,
102,8772888e-3a4f-46e9-a06c-f0ef24590324,dott-paris,Dott Paris,Paris,id_old863503G200509050483,48.86101,2.34504,,True,
103,3050,lyon,Vélo'v,Lyon,FRICHE RVI,45.74835,4.87596,20.0,False,
104,7369aa58-106f-42a6-a8f4-842047cd7248,dott-paris,Dott Paris,Paris,id_38045,48.88953,2.31314,,True,
105,2fb53026-0380-498a-b535-bd35b71672bc,dott-paris,Dott Paris,Paris,id_52884,48.8607,2.41009,,True,
106,337,toulouse,VélÔToulouse,Toulouse,CHIRAC - HEREDIA,43.61256,1.46754,13.0,False,
107,7755db2a-b37d-480c-aa76-49f87f8b14a8,dott-paris,Dott Paris,Paris,id_45000,48.88463,2.38736,,True,
108,e30e56ba-094a-4bb7-9912-0e267c8e7590,dott-bordeaux,Dott Bordeaux,Bordeaux,Tauzia,44.82913,-0.55889,,True,
109,3_Av__des_Frères_Voisin,pony_Bourges,Pony Bourges,Bourges,3_Av__des_Frères_Voisin,47.07017,2.38164,,True,
110,318,v_lille,V'lille,Lille,Hellu - Épine,50.61946,3.09978,14.0,False,
111,ctbhn6vaok6uht7ctbp0,twisto_velolib_caen,Twisto Vélolib,Caen,Gare nord,49.17706,-0.34929,30.0,False,
112,dcd44101-1ec2-49bb-bdad-7e135731c850,dott-paris,Dott Paris,Paris,id_27683,48.83591,2.32813,,True,
113,bordeaux_parking_Marquage_772750_zid5IHBSU7H,pony_bordeaux,Pony Bordeaux,Bordeaux,bordeaux_parking_Marquage_772750_zid5IHBSU7H,44.78045,-0.56922,,True,
114,1063044618,Paris,Vélib' Metropole,Paris,Bas - Gabriel Péri,48.91586,2.29481,30.0,False,
115,551,citiz_grand_poitiers,Citiz Grand Poitiers,Poitiers,PONT-NEUF,46.57264,0.35926,2.0,False,
116,0ccf3a57-8646-4b04-8003-745b3d04a458,dott-paris,Dott Paris,Paris,id_old275606D200509051110,48.82858,2.37288,,True,
117,4b659396-3b25-455c-9b53-3dd0d5cb1254,dott-bordeaux,Dott Bordeaux,Bordeaux,ARCEAU_VELO,44.84377,-0.56436,,True,
118,bd04df94-889f-4ef4-b396-50abb85d2308,dott-lyon,Dott Lyon,Lyon,av mutualisés lyon 7,45.72731,4.83104,,True,
119,192,v_lille,V'lille,Lille,Le Stadium,50.63128,3.13504,14.0,False,
120,1057748427,Paris,Vélib' Metropole,Paris,Rottembourg - Général Michel Bizot,48.83788,2.40441,43.0,False,
121,stn_8eDZvCMzEhapPKnGezzx3V,zebullo,Zebullo,Reims,TINQUEUX BOUCICAUT,49.25185,3.98258,4.0,True,
122,10,CVelo_FR_Clermont-Ferrand,C-Vélo,Clermont-Ferrand,10 - Ballainvilliers,45.77575,3.08597,24.0,False,
123,1d1787df-8166-482b-8253-8b7c7d80a054,dott-paris,Dott Paris,Paris,id_35880,48.87705,2.3516,,True,
124,184,toulouse,VélÔToulouse,Toulouse,MICHOUN - HYÈRES,43.62724,1.46929,20.0,False,
125,0060bbb8-5350-4998-9cfb-ba1e314c1edf,voi_Grenoble,Voi Grenoble,Grenoble,MEY006,45.20957,5.77522,8.0,True,
126,f72dd236-e7f7-4fe8-9b71-e9f5db893ad8,bird-vichy,Bird Vichy,Vichy,"11 Pl. Louis Lasteyras, 03200 Vichy, France",46.12662,3.42781,,True,
127,55d2c5cc-01b9-45b8-b3a6-04440261ea61,bird-bordeaux,Bird Bordeaux,Bordeaux,"96 Rue Lucien Faure, 33300 Bordeaux, France",44.86427,-0.5588,,True,
128,basque_country_parking_71957_zidYDDB4WOL,pony_Basque_Country,Pony Basque Country,Basque Country,basque_country_parking_71957_zidYDDB4WOL,43.48572,-1.51399,,True,
129,18023659071,Paris,Vélib' Metropole,Paris,Place Farhat Hached,48.82549,2.38163,28.0,False,
130,bordeaux_parking_Marquage_973131_zidDL01DC64,pony_bordeaux,Pony Bordeaux,Bordeaux,bordeaux_parking_Marquage_973131_zidDL01DC64,44.88379,-0.61724,,True,
131,ctbhn6o1snvdkble5qug,twisto_velolib_caen,Twisto Vélolib,Caen,Fleury-sur-Orne Bourg,49.14877,-0.37487,10.0,False,
132,50003,cergy,VélO2,Cergy-Pontoise,CER03 - LES ESSARTS (CB),49.04232,2.01958,24.0,False,
133,1817,citiz_alpes_loire,Citiz Alpes Loire,Grenoble,Chamrousse (6),45.17948,5.72528,1.0,False,
134,3171542f-617d-4ce9-9e49-30b001de70a8,dott-bordeaux,Dott Bordeaux,Bordeaux,ARCEAU_VELO,44.82752,-0.58215,,True,
135,210387163,Paris,Vélib' Metropole,Paris,Saint-Denis - Réaumur,48.86611,2.35078,32.0,False,
136,chf7r043casf4nvmd3h0,velivert_saint_etienne,Vélivert,Saint-Étienne,Saint-Jean-de-Bonnefonds Mairie,45.44921,4.44486,10.0,False,
137,e8621f0c-85f9-40ce-a355-2858b14be6c0,dott-bordeaux,Dott Bordeaux,Bordeaux,ARCEAU_VELO,44.85699,-0.55997,,True,
138,17083,donkey_valenciennes,Donkey Republic Valenciennes,Valenciennes,Musée B,50.35724,3.53123,8.0,False,
139,20129,donkey_brest,Donkey Republic Brest,Brest,Espace Jaurès,48.39328,-4.48104,3.0,False,
140,a26c5b0e-25c1-4539-83a4-106baebadba4,dott-paris,Dott Paris,Paris,id_57305,48.85011,2.27727,,True,
141,1063053136,Paris,Vélib' Metropole,Paris,Square Victor Basch,48.9143,2.22892,20.0,False,
142,la_roche_sur_yon_parking_Rdpt_Charles_Sorin_zidSFAOV0Z5,pony_La_Roche_Sur_Yon,Pony La Roche-sur-Yon,La Roche-sur-Yon,la_roche_sur_yon_parking_Rdpt_Charles_Sorin_zidSFAOV0Z5,46.6898,-1.43821,,True,
143,1526,citiz_la_rochelle,Citiz La Rochelle,La Rochelle,MARCHE DE PORT NEUF,46.15939,-1.18002,2.0,False,
144,39,toulouse,VélÔToulouse,Toulouse,PLACE DE DAMLOUP,43.60586,1.4528,19.0,False,
145,8d02c19a-c80a-46a8-83e8-2ad5f00ddef4,dott-bordeaux,Dott Bordeaux,Bordeaux,Rue Volta,44.85369,-0.67619,,True,
146,5e24a1ba-27f5-422b-a845-78729f576299,voi_Marseille,Voi Marseille,Marseille,T05_04,43.28653,5.39295,5.0,True,
147,208,v_lille,V'lille,Lille,De Fourmies,50.67544,3.182,12.0,False,
148,limoges_parking_130_Av__Montjovis_zidJ3MUDRV8,pony_Limoges,Pony Limoges,Limoges,limoges_parking_130_Av__Montjovis_zidJ3MUDRV8,45.8434,1.24573,,True,
149,a2a2c193-f451-4db0-9f22-1d58fa533a19,voi_Marseille,Voi Marseille,Marseille,M05_08,43.29581,5.39072,5.0,True,
150,307ea13c-bcf5-4caa-b782-5e226613485c,dott-paris,Dott Paris,Paris,id_52813,48.87656,2.35755,,True,
151,cka2u5d9c51sanpn6hn0,vivelo,Vivélo,Vichy,Vichy Gare SNCF,46.12637,3.43031,10.0,False,
152,207633746,Paris,Vélib' Metropole,Paris,Grande Armée - Brunel,48.87612,2.28812,62.0,False,
153,158,velo-tbm-bordeaux,Le Vélo par TBM,Bordeaux,Lewis Brown,44.86321,-0.56118,19.0,False,
154,54000605,Paris,Vélib' Metropole,Paris,Mairie du 18ème,48.89294,2.34455,40.0,False,
155,1008,citiz_alpes_loire,Citiz Alpes Loire,Grenoble,Parking Sirand,45.29578,5.63764,2.0,False,
156,f0e07352-5f20-4d4d-bbe8-0d9774b5b863,voi_SQY,Voi Saint-Quentin-en-Yvelines,Saint-Quentin-en-Yvelines,Clayes_009,48.82461,1.99245,5.0,True,
157,ciaq8s0k59geca2m8bog,velo-modalis,VéloModalis - TERRA,Royan,Cognac Le Castel,45.67451,-0.31143,10.0,False,
158,9377a474-4903-4462-80a2-0a55dd2be91c,voi_Marseille,Voi Marseille,Marseille,M09_13,43.27166,5.40985,5.0,True,
159,8f76ab8f-7eb1-4f2e-aede-dadbb2de505c,dott-bordeaux,Dott Bordeaux,Bordeaux,ARCEAU_VELO,44.84846,-0.56375,,True,
160,82337423,Paris,Vélib' Metropole,Paris,Varenne,48.8572,2.31528,47.0,False,
161,1002,lyon,Vélo'v,Lyon,OPÉRA,45.76761,4.83662,41.0,False,
162,083a2441-fe21-491c-abce-68e68e912e9e,voi_Marseille,Voi Marseille,Marseille,M04_31,43.30088,5.3961,5.0,True,
163,4ac2601e-9177-4e8f-89a1-59c95f540a60,dott-paris,Dott Paris,Paris,id_24746,48.89919,2.33422,,True,
164,213,v_lille,V'lille,Lille,Lannoy,50.68859,3.18203,18.0,False,
165,f72f3bca-4192-4055-886f-7272d3017400,dott-paris,Dott Paris,Paris,id_31248,48.85652,2.40524,,True,
166,351,aupa,Citiz AUPA,Bayonne,Jean Monnet,43.4805,-1.5165,1.0,False,
167,cirqbn4g3q5td18hqnfg,velozef,VéloZef,Brest,Université Est,48.40056,-4.49866,10.0,False,
168,stn_XxGCY8422RGxZZ5Qzy9pZb,ogalo,Ogalo Cyclette,Saumur,Offard,47.26012,-0.06567,8.0,False,
169,1506,citiz_la_rochelle,Citiz La Rochelle,La Rochelle,VERDUN,46.16292,-1.15442,2.0,False,
170,13,velo-tbm-bordeaux,Le Vélo par TBM,Bordeaux,Barrière Saint-Médard,44.84837,-0.5981,20.0,False,
171,st_d18jddmrumbh8rh03ss0,Optymo_FR_Belfort,Optymo Belfort,Belfort,Valdoie Mairie,47.66525,6.84141,10.0,False,
172,stn_EvBPTc3ZfAxrmkeKJygest,velocite,Vélo'Cité,Laon,Cité Etudiante,49.55922,3.61274,7.0,False,
173,78,citiz_grand_est,Citiz Grand Est,Strasbourg,Turenne (Contades),48.58935,7.75666,5.0,False,
174,stn_5BXybgcYEno8qHUwyxiuZR,tlpmobilites,TLP Mobilites,Tarbes,PISCINE / ROBERT HOSSEIN,43.1024,-0.04275,12.0,False,
175,6515,Paris,Vélib' Metropole,Paris,Rougemont - Poissonnière,48.87161,2.34587,44.0,False,
176,309,toulouse,VélÔToulouse,Toulouse,RTE DE BLAGNAC - ROQUES,43.62204,1.40574,13.0,False,
177,080a6135-0ecb-4790-9a94-a52131155540,dott-paris,Dott Paris,Paris,id_old013103G200509050029,48.87033,2.36204,,True,
178,501ef18f-390d-40e8-9d51-73bbca204059,bird-bordeaux,Bird Bordeaux,Bordeaux,"2 Quai Hubert Prom, 33300 Bordeaux, France",44.86835,-0.55534,,True,
179,stn_EpfsDgRjKArscpt6ZzpNCt,capcotentin,CapCotentin,Cherbourg-en-Cotentin,Octroi,49.63899,-1.60643,12.0,False,
180,57e616ae-4a00-49e8-b6e2-dfa90aabb6c2,voi_Grenoble,Voi Grenoble,Grenoble,ECH058,45.15701,5.71523,8.0,True,
181,629cfdde-2c45-4b7c-a246-d1f76af6485c,dott-paris,Dott Paris,Paris,id_old574403D200509052996,48.86502,2.29014,,True,
182,58a52007-a32e-4359-9577-164adbb2e718,dott-lyon,Dott Lyon,Lyon,AV 9 - avenue du plateau,45.78452,4.79492,,True,
183,d0664f4d-6250-44c6-9936-43154adf6204,dott-paris,Dott Paris,Paris,id_46375,48.88145,2.32463,,True,
184,925af14f-2093-4c28-8653-98aa5a6411d0,dott-paris,Dott Paris,Paris,id_50392,48.86985,2.39762,,True,
185,1276,citiz_occitanie,Citiz Occitanie,Toulouse,Rangueil,43.57491,1.46146,2.0,False,
186,chf7r343casf4nvmd4gg,velivert_saint_etienne,Vélivert,Saint-Étienne,Abattoir,45.39683,4.29093,10.0,False,
187,77fcd1a8-f3f3-46de-836a-8ba20743def2,bird-bordeaux,Bird Bordeaux,Bordeaux,"2 Pl. Ravezies, 33300 Bordeaux, France",44.86557,-0.57607,,True,
188,ch8cin5lc8te4d3h849g,auxrmlevelo,AuxR_M le vélo,Auxerre,Vallan,47.74347,3.53738,10.0,False,
189,lorient_parking_11063281147_zidHNLLZWNJ,pony_Lorient,Pony Lorient,Lorient,lorient_parking_11063281147_zidHNLLZWNJ,47.75003,-3.36678,,True,
190,stn_3U9PmyTspay9j8zejfY3yK,tanlib,Vélo Tanlib,Niort,PREVERT,46.3429,-0.39718,10.0,False,
191,377,citiz_metropole_lyon,Citiz Métropole Lyon,Lyon,Villeurbanne - Charpennes,45.77081,4.86436,3.0,False,
192,d86821ca-59cc-42cc-8a80-39056ee99e4c,dott-paris,Dott Paris,Paris,id_old547317D20130620131905,48.8921,2.3264,,True,
193,70e7ab02-e2b9-481d-89bb-c326dcbb0ba0,dott-bordeaux,Dott Bordeaux,Bordeaux,ARCEAU_VELO,44.82722,-0.58848,,True,
194,bordeaux_parking_Arceau_12289_zidS8BAAOQ7,pony_bordeaux,Pony Bordeaux,Bordeaux,bordeaux_parking_Arceau_12289_zidS8BAAOQ7,44.86466,-0.56582,,True,
195,66491373,Paris,Vélib' Metropole,Paris,Pierre Joseph Desault,48.8211,2.37878,19.0,False,
196,9a17b264-5487-4f20-acbd-94da1a4686e8,dott-paris,Dott Paris,Paris,id_37788,48.85895,2.34752,,True,
197,353462947,Paris,Vélib' Metropole,Paris,Richard Wallace - Place du 8 Mai 1945,48.87867,2.24203,30.0,False,
198,5009,lyon,Vélo'v,Lyon,PLACE ENNEMOND FOUSSERET,45.7647,4.82897,16.0,False,
199,108,v_lille,V'lille,Lille,General de Gaulle,50.64527,3.10052,20.0,False,
200,521000e8-1dc7-4828-bace-13a1e20e9440,dott-paris,Dott Paris,Paris,id_43703,48.84004,2.29749,,True,
201,1403,citiz_provence,Citiz Provence,Marseille,Allées de l'Oulle (ex Oratoire),43.94929,4.80069,2.0,False,
202,1063017616,Paris,Vélib' Metropole,Paris,Mairie de La Garenne Colombes,48.90664,2.2468,22.0,False,
203,1b875085-7513-4931-b6d3-69c4f16c0f5c,dott-bordeaux,Dott Bordeaux,Bordeaux,ARCEAU_VELO,44.84342,-0.54866,,True,
204,stn_GoVBciBw7RSJTkUhvyLqeX,velibeo,Vélibéo,Brive-la-Gaillarde,Trois Provinces,45.16627,1.54356,16.0,False,
205,210582231,Paris,Vélib' Metropole,Paris,Londres - Place d'Estienne d'Orves,48.87669,2.33054,25.0,False,
206,d4a454c2-a999-49ae-85c6-a3a167b9e814,dott-versailles-grand-parc,Dott Versailles Grand-Parc,Versailles,LCR - SQUARE RIVOLI (LE CHESNAY),48.82966,2.11558,,True,
207,perpignan_parking_zidR340JWXR,pony_Perpignan,Pony Perpignan,Perpignan,perpignan_parking_zidR340JWXR,42.70605,3.01446,,True,
208,st_d0q8h325u9tmfvdh5ga0,velonecy60minutes_annecy,Vélonecy,Annecy,Villaz - Centre-Bourg,45.95094,6.19037,10.0,False,
209,1452,citiz_provence,Citiz Provence,Marseille,Delphes Electrique FLEX,43.28472,5.38826,2.0,False,
210,7db77658-e226-4bd5-ae32-f1ab964071c8,dott-paris,Dott Paris,Paris,id_old243801D2007041985035,48.87067,2.28125,,True,
211,153654d3-ce30-43a6-bd72-5cabad3f7cf0,dott-bordeaux,Dott Bordeaux,Bordeaux,ARCEAU_VELO,44.82136,-0.55062,,True,
212,19016722230,Paris,Vélib' Metropole,Paris,Raymond Poincaré - Allée de la Marche,48.83863,2.17241,23.0,False,
213,839f663e-b865-46af-9f0c-3308c49b5ce8,dott-paris,Dott Paris,Paris,id_old079202G20140305151652,48.86952,2.36341,,True,
214,bordeaux_parking_Arceau_14802_zid9MZLDFAK,pony_bordeaux,Pony Bordeaux,Bordeaux,bordeaux_parking_Arceau_14802_zid9MZLDFAK,44.82958,-0.57581,,True,
215,223c27b1-41e6-4268-b6b5-8f69229de93c,dott-bordeaux,Dott Bordeaux,Bordeaux,ARCEAU_VELO,44.85219,-0.57085,,True,
216,paris_parking_AUGUSTE_BLANQUI_zid2OWDQWDQ,pony_paris,Pony Paris,Paris,paris_parking_AUGUSTE_BLANQUI_zid2OWDQWDQ,48.831,2.34443,2.0,True,
217,db543d89-9bf5-4b0f-9ac5-fe61d46f04f4,dott-paris,Dott Paris,Paris,id_33893,48.85397,2.30836,,True,
218,paris_parking_ERNESTINE_zid2EKN1BBV,pony_paris,Pony Paris,Paris,paris_parking_ERNESTINE_zid2EKN1BBV,48.89027,2.3545,2.0,True,
219,5dc2aebb-62a2-485c-986a-fecc4dff6010,dott-bordeaux,Dott Bordeaux,Bordeaux,Lamoureux,44.84388,-0.57189,,True,
220,197235b9-3b2f-4523-9451-60f084d5f054,dott-bordeaux,Dott Bordeaux,Bordeaux,ARCEAU_VELO,44.8282,-0.56729,,True,
221,3fbd5784-e2eb-4ebd-bdb6-eb5d7e04c4c6,voi_Le_Havre,Voi Le Havre,Le Havre,T_172,49.49644,0.14697,7.0,True,
222,46502017-864e-4be0-ac0a-dd9a8691a21c,dott-paris,Dott Paris,Paris,id_38002,48.88709,2.31402,,True,
223,stn_KFsHUNDZYsyWSNFd7n5ju4,capcotentin,CapCotentin,Cherbourg-en-Cotentin,Cherbourg - Gare,49.6336,-1.62215,20.0,False,
224,ce7a93db-1ddb-410b-8a9e-ea5085dbed60,dott-ol-vallee,Dott Ol-Vallee,Ol-Vallee,Parking 5,45.76543,4.97837,,True,
225,344,toulouse,VélÔToulouse,Toulouse,RIEUX - VAISSE,43.59626,1.46207,13.0,False,
226,5eb54dcc-6afc-419c-bd6c-533cd7b5ac23,bird-bordeaux,Bird Bordeaux,Bordeaux,"21 Rue de Nérac, 33800 Bordeaux, France",44.81929,-0.56386,,True,
227,62358e6f-5d39-43c7-aa79-0bd7b157f99c,dott-paris,Dott Paris,Paris,id_55136,48.8913,2.3486,,True,
228,d49855f4-6790-479e-bbc4-5c1534104d0c,dott-bordeaux,Dott Bordeaux,Bordeaux,INCONNU_DIC,44.86029,-0.58047,,True,
229,1a4080a3-d2fa-4f87-b7b2-ba1fa1913993,bird-bordeaux,Bird Bordeaux,Bordeaux,"155 Cr Saint-Louis, 33300 Bordeaux, France",44.86268,-0.5676,,True,
230,19495456684,Paris,Vélib' Metropole,Paris,Commandant Schloesing - Pétrarque,48.86177,2.28388,30.0,False,
231,14,nancy,VélOstan'lib,Nancy,FAC DE LETTRES,48.69282,6.16861,19.0,False,
232,8060,lyon,Vélo'v,Lyon,SANTY / BEAUVISAGE,45.73171,4.8742,17.0,False,
233,f0950e27-f410-4a4d-974c-b6d5bd15c130,voi_Marseille,Voi Marseille,Marseille,T02_41,43.30122,5.37004,5.0,True,
234,st_d3d597umbtds73djab4g,idecycle_pau,IDEcycle (Pau),PAU,Le Camp,43.30058,-0.29945,10.0,False,
235,7f4ec37d-f90c-46f4-9615-3ad4b099e62c,dott-paris,Dott Paris,Paris,id_40366,48.8701,2.37903,,True,
236,58d34f4c-c83b-4231-b518-a9b0f01e262c,dott-paris,Dott Paris,Paris,id_old479601D20080811112400,48.8958,2.32799,,True,
237,2a26aae8-9b7b-4c91-81c7-c80d358a6c2c,dott-paris,Dott Paris,Paris,id_41191,48.89476,2.34935,,True,
238,101743895,Paris,Vélib' Metropole,Paris,Joseph Liouville - Croix Nivert,48.84484,2.29751,64.0,False,
239,139,toulouse,VélÔToulouse,Toulouse,BARRIERE DE LOMBEZ,43.5955,1.4185,25.0,False,
240,9002,lyon,Vélo'v,Lyon,MAIRIE DU 9E,45.77424,4.80568,27.0,False,
241,bordeaux_parking_Arceau_15159_zid3RMPR2RM,pony_bordeaux,Pony Bordeaux,Bordeaux,bordeaux_parking_Arceau_15159_zid3RMPR2RM,44.84681,-0.57613,,True,
242,cc4bcce7-29e3-403c-bdb2-8fe89648ed1b,bird-larochesuryon,Bird Larochesuryon,La Roche-sur-Yon,"96 Rue Philippe Lebon, 85000 La Roche-sur-Yon, France",46.69279,-1.43267,,True,
243,1624,auto-en-velay,Auto-en-Velay,Allègre,Le Puy en Velay - Place de la Libération,45.0477,3.87671,3.0,False,
244,4559,inurba-rouen,LOVELO Libre-service,Rouen,66 - MENDES FRANCE,49.4125,1.09234,8.0,False,
245,perpignan_parking_Av__Joseph_Sauvy_Corps_de_Garde_zidD5BQSRFQ,pony_Perpignan,Pony Perpignan,Perpignan,perpignan_parking_Av__Joseph_Sauvy_Corps_de_Garde_zidD5BQSRFQ,42.70525,3.0102,,True,
246,17527065847,Paris,Vélib' Metropole,Paris,Chateau,48.77466,2.31359,22.0,False,
247,ce4bh5p2rcd13ifvqe4g,levelo_inurba_marseille,levélo - Marseille,Marseille,Place de la Corderie,43.29078,5.37148,20.0,False,
248,4567,inurba-rouen,LOVELO Libre-service,Rouen,74 - STADE JEAN ADRET,49.40595,1.09758,12.0,False,
249,3739910b-7f6a-4989-ac5a-d2e926568518,dott-paris,Dott Paris,Paris,id_45871,48.85171,2.26627,,True,
250,st_d3j5ugp08ojc73fj9d10,levelo_inurba_marseille,levélo - Marseille,Marseille,La Grognarde,43.29494,5.43316,20.0,False,
251,1485,citiz_grand_poitiers,Citiz Grand Poitiers,Poitiers,MAGENTA,46.57879,0.33998,3.0,False,
252,c7cb65d3-32d2-4446-b2fc-306c49796252,bird-bordeaux,Bird Bordeaux,Bordeaux,"Bibliothèque, 33000 Bordeaux, France",44.83505,-0.58697,,True,
253,1631,auto-en-velay,Auto-en-Velay,Allègre,Craponne - Place de la Poste,45.33196,3.84581,3.0,False,
254,e9703a33-94b3-4a8c-b261-fbf6d1869dd8,dott-siemu,Dott SIEMU,Marne-la-Vallée,LSM - DELAMBRE,48.87998,2.70596,,True,
255,bordeaux_parking_Arceau_12363_zidZGCIG64R,pony_bordeaux,Pony Bordeaux,Bordeaux,bordeaux_parking_Arceau_12363_zidZGCIG64R,44.84448,-0.57618,,True,
256,26bb0e22-1751-4ed5-a212-01ec281ccac4,dott-paris,Dott Paris,Paris,id_45934,48.84815,2.26431,,True,
257,20637036701,Paris,Vélib' Metropole,Paris,Jean Jaurès - Bouret,48.88314,2.37124,32.0,False,
258,3e85b60b-1dfc-4cf6-9625-54a465d66edc,dott-paris,Dott Paris,Paris,id_33329,48.85407,2.2655,,True,
259,st_d18njfsdlg9eg0lfroig,Optymo_FR_Belfort,Optymo Belfort,Belfort,RTTB,47.62276,6.857,10.0,False,
260,812,citiz_alpes_loire,Citiz Alpes Loire,Grenoble,SNCF Gare de Châteaucreux,45.4427,4.40166,2.0,False,
261,angers_parking_BikeRack_Geveko_zid69W2QA9T,pony_Angers,Pony Angers,Angers,angers_parking_BikeRack_Geveko_zid69W2QA9T,47.49326,-0.4967,,True,
262,37815993,Paris,Vélib' Metropole,Paris,Mutualité,48.84823,2.35029,37.0,False,
263,d3370fdf-0bac-4ba2-baf7-7042aaa480b4,dott-paris,Dott Paris,Paris,id_old062013D20130808103556,48.85047,2.32401,,True,
264,st_d34n07umbtds7381rb90,grand-est,Velo Fluo Grand-Est,Grand Est,Mulhouse,47.74243,7.34287,,False,
265,538503466,nextbike_ah,VélO2,FR,Les Touleuses,49.03078,2.08358,16.0,False,
266,5a85f8b5-1a12-4217-a384-28835241746c,dott-paris,Dott Paris,Paris,id_50383,48.84759,2.40811,,True,
267,1266,citiz_alpes_loire,Citiz Alpes Loire,Grenoble,La monta,45.238,5.68842,1.0,False,
268,84,calais-velos,Vel’in,Calais,75 : Eglise de Sangatte,50.94433,1.74684,,False,
269,16d89a63-b548-401c-9b59-e018e38689ec,dott-bordeaux,Dott Bordeaux,Bordeaux,ARCEAU_VELO,44.86754,-0.54811,,True,
270,213686749,Paris,Vélib' Metropole,Paris,Place de la Porte de Passy,48.85734,2.26442,36.0,False,
271,57a2f1a1-46c6-490d-b406-8811089e15fc,bird-gap,Bird Gap,Gap,"86 Rte de Chabanas, 05000 Gap, France",44.56729,6.06882,,True,
272,angers_parking_Point_45_zidCFTRXOGI,pony_Angers,Pony Angers,Angers,angers_parking_Point_45_zidCFTRXOGI,47.46781,-0.55086,,True,
273,75038a8f-2130-4f0d-b6b9-7b2bd209cc70,dott-lyon,Dott Lyon,Lyon,Rue du Bat d'Argent,45.7661,4.83675,,True,
274,bordeaux_parking_Arceau_14044_zid650RVQXE,pony_bordeaux,Pony Bordeaux,Bordeaux,bordeaux_parking_Arceau_14044_zid650RVQXE,44.82741,-0.56298,,True,
275,nice_parking_Rue_Claude_Debussy_zid3H8GLYZF,pony_Nice,Pony Nice,"Nice, FR",Rue Line Renaud et Loulou Gasté | Antibes,43.59087,7.11859,100.0,True,
276,5a91d89d-a500-4bca-b419-f69ef75cb653,bird-bordeaux,Bird Bordeaux,Bordeaux,"229 Cr de la Marne, 33800 Bordeaux, France",44.82726,-0.55695,,True,
277,8d9037e6-27a1-4a69-b0b2-a39fa0356f2c,dott-paris,Dott Paris,Paris,id_53797,48.88349,2.3412,,True,
278,paris_parking_DURET_zidENYIDJCW,pony_paris,Pony Paris,Paris,paris_parking_DURET_zidENYIDJCW,48.87491,2.28619,1.0,True,
279,bordeaux_parking_Arceau_Alzon_2_zidULFO7BKZ,pony_bordeaux,Pony Bordeaux,Bordeaux,bordeaux_parking_Arceau_Alzon_2_zidULFO7BKZ,44.84153,-0.58846,,True,
280,81,v_lille,V'lille,Lille,Guinguette,50.63529,3.11509,10.0,False,
281,BikeRack Barbreau,pony_Angers,Pony Angers,Angers,BikeRack Barbreau,47.47228,-0.59119,,True,
282,54f5ce9e-9278-48c8-8699-c88f07573920,dott-paris,Dott Paris,Paris,id_36979,48.885,2.35275,,True,
283,71bb0ec0-0b7b-4870-abd6-7111e7833290,dott-paris,Dott Paris,Paris,id_old589703D20131204140448,48.87796,2.31829,,True,
284,190aafa6-6e1c-42b8-8349-72f25f64d8ef,voi_SQY,Voi Saint-Quentin-en-Yvelines,Saint-Quentin-en-Yvelines,Saint-Cyr-l'Ecole_007,48.80226,2.05619,7.0,True,
285,59,libelo,Libélo,Valence,Mindelheim,45.02999,5.06028,10.0,False,
286,82dda16d-161d-4847-aa98-8dbdf3acf7e4,dott-paris,Dott Paris,Paris,id_32284,48.85019,2.28858,,True,
287,angers_parking_3_zidBARKXY1V,pony_Angers,Pony Angers,Angers,angers_parking_3_zidBARKXY1V,47.47414,-0.56697,,True,
288,737,citiz_alpes_loire,Citiz Alpes Loire,Grenoble,Belgrade,45.19185,5.72508,4.0,False,
289,94d483cd-602f-43de-b040-7a0fd7b4dd88,dott-paris,Dott Paris,Paris,id_old089001D20140131143315,48.84494,2.28288,,True,
290,b33c813e-134b-4ddf-afb9-887da1a022a4,dott-paris,Dott Paris,Paris,id_old811104G20131219115858,48.86489,2.31059,,True,
291,71862c5b-27fb-44e7-bb23-1c13a9bca20c,dott-paris,Dott Paris,Paris,id_old395708D20060731125328,48.84723,2.30335,,True,
292,0ea45aa0-d626-4d84-9e96-587cf2119385,voi_Grenoble,Voi Grenoble,Grenoble,GRE078,45.17412,5.70696,12.0,True,
293,nice_parking_89_zid8BESGCX1,pony_Nice,Pony Nice,"Nice, FR",45 | Promenade des Anglais | Nice,43.69365,7.25619,100.0,True,
294,9b4e91c0-34f6-41c2-acc7-62a5d820e570,dott-paris,Dott Paris,Paris,id_43515,48.87986,2.2991,,True,
295,20512737633,Paris,Vélib' Metropole,Paris,Lieutenant Colonel Prudhon - Repos,48.9468,2.23807,26.0,False,
296,st_d1r04fq2iilll6d8gcrg,vilvolt_epinal,Vilvolt,Épinal,Arches - temporaire,48.11851,6.52911,10.0,False,
297,63a4e233-79c7-4f5a-a938-b8a76f0300c4,dott-paris,Dott Paris,Paris,id_43574,48.88307,2.3107,,True,
298,paris_parking_CUSTINE_zidBPSEPL8R,pony_paris,Pony Paris,Paris,paris_parking_CUSTINE_zidBPSEPL8R,48.8884,2.34786,1.0,True,
299,439,citiz_metropole_lyon,Citiz Métropole Lyon,Lyon,Saint-Germain-au-Mont-d'Or,45.88352,4.8038,2.0,False,
300,71,citiz_grand_est,Citiz Grand Est,Strasbourg,Ste Aurélie (Gare),48.58292,7.73298,4.0,False,
301,5c363065-8749-4a56-ae7a-d5dff1f8dc04,dott-paris,Dott Paris,Paris,id_56773,48.88456,2.38416,,True,
302,poitiers_parking_9_Av_Louis_Michel_le_Peletier_zidTNQTOMG6,pony_poitiers,Pony Poitiers,Poitiers,poitiers_parking_9_Av_Louis_Michel_le_Peletier_zidTNQTOMG6,46.5876,0.37457,,True,
303,bordeaux_parking_Arceau_14033_zid6CFEJSDY,pony_bordeaux,Pony Bordeaux,Bordeaux,bordeaux_parking_Arceau_14033_zid6CFEJSDY,44.81561,-0.56878,,True,
304,22,calais-velos,Vel’in,Calais,19 : Matelote,50.96241,1.85086,12.0,False,
305,1074142878,Paris,Vélib' Metropole,Paris,Hôtel de Ville de Chaville,48.80887,2.18813,20.0,False,
306,6820c219-1f5d-4aef-8c0d-b0af421a7250,dott-paris,Dott Paris,Paris,id_29407,48.8674,2.33463,,True,
307,2448d173-4b00-4644-bcd2-040e32fc1f07,voi_Marseille,Voi Marseille,Marseille,M15_01,43.34552,5.35926,5.0,True,
308,26eb48c0-5cca-4267-8ac0-45333ea683c8,dott-paris,Dott Paris,Paris,id_old910708D20140106120120,48.85653,2.264,,True,
309,36,v_lille,V'lille,Lille,Cormontaigne,50.62624,3.03991,36.0,False,
310,3031,lyon,Vélo'v,Lyon,CORNEILLE / SERVIENT,45.75991,4.84451,13.0,False,
311,ac47241d-cf51-4ced-9e27-42633dbf5368,dott-lyon,Dott Lyon,Lyon,av mutualisés lyon 8,45.7331,4.86615,,True,
312,36aeb47d-3359-4451-99ab-445369db8704,dott-paris,Dott Paris,Paris,id_43067,48.88407,2.30487,,True,
313,paris_parking_CHANZY_zidTX5869R8,pony_paris,Pony Paris,Paris,paris_parking_CHANZY_zidTX5869R8,48.85251,2.38344,1.0,True,
314,33a5a360-a978-44e5-925c-665444d30e40,dott-paris,Dott Paris,Paris,id_41063,48.82517,2.3494,,True,
315,27363206,Paris,Vélib' Metropole,Paris,Riquet - Marx Dormoy,48.89021,2.36018,36.0,False,
316,c18e0ac3-57ee-4ed2-83a7-844c6623e320,dott-lyon,Dott Lyon,Lyon,AC JF Raclet 3,45.73405,4.83792,,True,
317,4ed99045-2821-4cae-983e-4e3e495b5a53,bird-bordeaux,Bird Bordeaux,Bordeaux,"40 Rue de la Prte Dijeaux, 33000 Bordeaux, France",44.84083,-0.5772,,True,
318,220502135,Paris,Vélib' Metropole,Paris,Porte Dorée,48.83543,2.40771,36.0,False,
319,7fa25c50-d0b5-4eb1-acb3-ec8119f13d36,bird-marseille,Bird Marseille,Marseille,"36 Rue d'Aix, 13001 Marseille, France",43.30067,5.37562,,True,
320,b89a51f1-8d30-4ba4-bd52-3a56b4d7d5e8,dott-paris,Dott Paris,Paris,id_27882,48.84022,2.28381,,True,
321,54000623,Paris,Vélib' Metropole,Paris,Mairie du 20ème,48.8653,2.39907,27.0,False,
322,1429,citiz_provence,Citiz Provence,Marseille,Prado-Latil,43.2744,5.39056,2.0,False,
323,st_d3d596umbtds73dja9s0,idecycle_pau,IDEcycle (Pau),PAU,Barthou-Beaumont,43.29477,-0.36535,10.0,False,
324,847,citiz_alpes_loire,Citiz Alpes Loire,Grenoble,Place Attache Aux Boeufs,45.44189,4.38937,2.0,False,
325,210395439,Paris,Vélib' Metropole,Paris,Centre Georges Pompidou,48.86142,2.35258,26.0,False,
326,bordeaux_parking_Arceau_15113_zidESZORKQB,pony_bordeaux,Pony Bordeaux,Bordeaux,bordeaux_parking_Arceau_15113_zidESZORKQB,44.82642,-0.56937,,True,
327,ch8civtlc8te4d3h8970,auxrmlevelo,AuxR_M le vélo,Auxerre,Monéteau  Centre,47.85051,3.57853,10.0,False,
328,04a46ec6-e68e-4017-aee6-a0bbea1f00b0,dott-bordeaux,Dott Bordeaux,Bordeaux,ARCEAU_VELO,44.82689,-0.59699,,True,
329,1ed4bd00-3b8b-4e98-9553-79c27a70b169,bird-marseille,Bird Marseille,Marseille,"1 Chem. de la Grave, 13013 Marseille, France",43.34619,5.44872,,True,
330,87b7538f-1d8a-479c-ab8d-1a81f35b6024,dott-bordeaux,Dott Bordeaux,Bordeaux,ARCEAU_VELO,44.83669,-0.58715,,True,
331,538520633,nextbike_ah,VélO2,FR,Louvrais,49.05875,2.08954,15.0,False,
332,281,mp_CHATELLERAULT,CHATELLERAULT,Châtellerault,Thure,46.8318,0.45699,7.0,False,
333,101738550,Paris,Vélib' Metropole,Paris,Didot - Place de Moro-Giafferi,48.8337,2.3215,22.0,False,
334,29,v_lille,V'lille,Lille,St Sebastien,50.64724,3.05938,28.0,False,
335,69,calais-velos,Vel’in,Calais,61 : Chemin du Contre Halage,50.89467,1.96524,6.0,False,
336,1057039016,Paris,Vélib' Metropole,Paris,Fessart - Château,48.84245,2.23989,20.0,False,
337,2b8cc183-3022-4b79-892f-86dd695ecaec,dott-paris,Dott Paris,Paris,id_43722,48.84342,2.31687,,True,
338,4a217422-b009-4d8f-b636-b0f8eccc4c20,dott-bordeaux,Dott Bordeaux,Bordeaux,ARCEAU_VELO,44.84037,-0.55548,,True,
339,825378f9-bc4e-4c95-b458-38cbee9e7750,bird-marseille,Bird Marseille,Marseille,"1 Rue Roger Brun, 13005 Marseille, France",43.28669,5.39052,,True,
340,82419429,Paris,Vélib' Metropole,Paris,Faidherbe - Dahomey,48.85136,2.38382,44.0,False,
341,243,v_lille,V'lille,Lille,Victoire,50.7182,3.15749,12.0,False,
342,1e25fcb6-e91e-460a-be14-c2087bdedd44,bird-bordeaux,Bird Bordeaux,Bordeaux,"61 Rue Mondenard, 33000 Bordeaux, France",44.84628,-0.58831,,True,
343,285fd809-8396-44d1-8988-8a7ad961fd0b,Optymo_Belfort_ALS,Optymo Belfort Auto libre-service,Belfort,MAD1,47.63467,6.84564,,False,
344,e068f34c-022a-4cb4-ac49-42962a997c4c,dott-paris,Dott Paris,Paris,id_53539,48.86815,2.31003,,True,
345,20076,donkey_brest,Donkey Republic Brest,Brest,Carpon,48.38998,-4.5032,24.0,False,
346,66491405,Paris,Vélib' Metropole,Paris,Charonne - Avron,48.8516,2.3984,27.0,False,
347,707,citiz_gironde,Citiz Gironde,Bordeaux,Mairie de Bruges,44.88167,-0.61269,2.0,False,
348,b7ddc1b0-9f20-40b7-b80a-822d1c854d40,voi_Marseille,Voi Marseille,Marseille,M07_11,43.28919,5.36314,5.0,True,
349,evry_parking_22_rue_Jean_Mermoz_zidBXANRJCL,pony_Evry,Pony Evry,Evry,evry_parking_22_rue_Jean_Mermoz_zidBXANRJCL,48.62731,2.4096,,True,
350,a0daeb32-5e8f-430c-9c92-6dfe6d2b36a8,bird-bordeaux,Bird Bordeaux,Bordeaux,"66 Rue Bonnefin, 33100 Bordeaux, France",44.84288,-0.54952,,True,
351,e88a7d42-1705-4094-b343-93e48285c3a0,dott-paris,Dott Paris,Paris,id_old029703D20111207114920,48.8854,2.29872,,True,
352,bordeaux_parking_Arceau_15457_zid83WZB3PM,pony_bordeaux,Pony Bordeaux,Bordeaux,bordeaux_parking_Arceau_15457_zid83WZB3PM,44.82969,-0.58366,,True,
353,cirqbskg3q5td18hqqmg,velozef,VéloZef,Brest,Saint-Pierre,48.3797,-4.53644,10.0,False,
354,paris_parking_BOURGOGNE_zidM3CGOEZB,pony_paris,Pony Paris,Paris,paris_parking_BOURGOGNE_zidM3CGOEZB,48.85852,2.31784,2.0,True,
355,365,citiz_metropole_lyon,Citiz Métropole Lyon,Lyon,Lyon 3ème - Parking LPA La Fosse aux Ours,45.75692,4.84048,4.0,False,
356,126,nantes,Naolib,Nantes,GARE DE CHANTENAY,47.19773,-1.59489,16.0,False,
357,paris_parking_BEAUJOLAIS_zid41XMY3GM,pony_paris,Pony Paris,Paris,paris_parking_BEAUJOLAIS_zid41XMY3GM,48.86612,2.3387,1.0,True,
358,dc1326b7-9e29-4e1f-ac16-d8ce6c28a8ec,dott-paris,Dott Paris,Paris,id_42675,48.88027,2.39875,,True,
359,bordeaux_parking_Arceau_11094_zidXM8GO78N,pony_bordeaux,Pony Bordeaux,Bordeaux,bordeaux_parking_Arceau_11094_zidXM8GO78N,44.85811,-0.56481,,True,
360,538306450,nextbike_ah,VélO2,FR,Tribunal,49.05178,2.09877,14.0,False,
361,stn_8zumLWVB67cFhznaPaAdW2,tanlib,Vélo Tanlib,Niort,DENFERT ROCHEREAU,46.33003,-0.45972,14.0,False,
362,6d324309-9cf9-4331-8a09-0a0f3400d330,dott-lyon,Dott Lyon,Lyon,Rue Julie,45.75173,4.88684,,True,
363,poitiers_parking_Mignaloux_Gare_zidB1OVDOAR,pony_poitiers,Pony Poitiers,Poitiers,poitiers_parking_Mignaloux_Gare_zidB1OVDOAR,46.5261,0.4114,,True,
364,ce4bhh12rcd13ifvqff0,levelo_inurba_marseille,levélo - Marseille,Marseille,Escale Borély,43.25495,5.37645,60.0,False,
365,206,velo-tbm-bordeaux,Le Vélo par TBM,Bordeaux,Caillou,44.86032,-0.63415,20.0,False,
366,311552027,Paris,Vélib' Metropole,Paris,Temple - Charlot,48.86571,2.36527,45.0,False,
367,5e86853c-8423-41bb-9941-7e2191ca017c,dott-paris,Dott Paris,Paris,id_old304104D20091118112528,48.86559,2.38766,,True,
368,ac8361c9-0988-449c-8864-f82193229140,dott-paris,Dott Paris,Paris,id_old582002G20140306135653,48.86829,2.33705,,True,
369,89,knot_strasbourg,Knot Strasbourg,Strasbourg,Hoenheim gare,48.62815,7.7587,8.0,True,
370,107,citiz_grand_est,Citiz Grand Est,Strasbourg,Place d'Islande (Esplanade),48.58026,7.77636,3.0,False,
371,4,v_lille,V'lille,Lille,Maison Folie Wazemmes,50.6247,3.04896,20.0,False,
372,650af48b-66dc-4a92-87a0-0094ac2071e4,dott-paris,Dott Paris,Paris,id_31131,48.84627,2.33237,,True,
373,8d56ac6c-0333-4def-bac2-c82fe5f54b38,voi_Marseille,Voi Marseille,Marseille,T07_50,43.28691,5.35189,5.0,True,
374,bordeaux_parking_Arceau_15014_zidY3DEG85O,pony_bordeaux,Pony Bordeaux,Bordeaux,bordeaux_parking_Arceau_15014_zidY3DEG85O,44.82122,-0.57336,,True,
375,6f656149-9e62-432c-8891-ca63b843a434,dott-bordeaux,Dott Bordeaux,Bordeaux,ARCEAU_VELO,44.86147,-0.55718,,True,
376,35089539,Paris,Vélib' Metropole,Paris,Manin - Crimée,48.88312,2.38637,23.0,False,
377,2ac9fde6-0b53-4b19-b6b9-34af63c50860,dott-paris,Dott Paris,Paris,id_19170,48.89943,2.36579,,True,
378,stn_LtDN7o64vFVMe5uhrnDj9i,tanlib,Vélo Tanlib,Niort,MUSEE,46.3211,-0.45424,7.0,False,
379,stn_gnvsYc9fSY9i8PnQdVf8An,impulsyon,Impulsyon,La Roche-sur-Yon,Joffre,46.66478,-1.42358,8.0,False,
380,40,calais-velos,Vel’in,Calais,36 : Conservatoire,50.94934,1.84846,12.0,False,
381,10120,lyon,Vélo'v,Lyon,SALENGRO / DESCARTES,45.77624,4.87163,15.0,False,
382,887,citiz_alpes_loire,Citiz Alpes Loire,Grenoble,Général Ferrié (13),45.1791,5.72389,1.0,False,
383,cdbudsfs9nk7sv35797g,ti_velo,Ti Vélo,Landerneau,Base de canoë-kayak,48.45712,-4.24042,10.0,False,
384,695cf7ab-25cd-46cb-a02a-03ddc1db6980,dott-bordeaux,Dott Bordeaux,Bordeaux,ARCEAU_VELO,44.84656,-0.57985,,True,
385,305,citiz_lille_arras,Citiz Lille Arras,Lille,LOMME-LAMBERSART,50.64067,3.01879,5.0,False,
386,st_d0q8h2a5u9tmfvdh5fag,velonecy60minutes_annecy,Vélonecy,Annecy,Bluffy - Mairie,45.86865,6.21836,10.0,False,
387,6d7d2282-4ccd-413c-a28c-ab56d947b73c,dott-paris,Dott Paris,Paris,id_50516,48.83938,2.35972,,True,
388,stn_GUp5ay6igcNByk6wKpdYc4,capcotentin,CapCotentin,Cherbourg-en-Cotentin,Campus - Aragon,49.63563,-1.64566,8.0,False,
389,cirqbqcg3q5td18hqplg,velozef,VéloZef,Brest,Saint-Marc,48.39814,-4.45378,10.0,False,
390,51,calais-velos,Vel’in,Calais,47 : Détroit,50.93917,1.87467,18.0,False,
391,perpignan_parking_Rue_du_Moulin_zidZCR0ZWYU,pony_Perpignan,Pony Perpignan,Perpignan,perpignan_parking_Rue_du_Moulin_zidZCR0ZWYU,42.65242,2.83087,,True,
392,1181,citiz_metropole_lyon,Citiz Métropole Lyon,Lyon,Lyon 4ème - Cours d'Herbouville,45.77492,4.83886,3.0,False,
393,d63e372c-b551-4be0-ae5e-b93aa3159444,dott-paris,Dott Paris,Paris,id_49279,48.86766,2.36056,,True,
394,d0a18da0-9b79-4f67-91f5-3dc3bb9c7384,voi_Grenoble,Voi Grenoble,Grenoble,SEY006,45.16232,5.68526,8.0,True,
395,094eeacf-6569-446a-a9e2-728321f8ef24,dott-paris,Dott Paris,Paris,id_old628001G200509051390,48.85933,2.3861,,True,
396,730e58af-7d36-46ed-bc56-613464599d44,dott-bordeaux,Dott Bordeaux,Bordeaux,ARCEAU_VELO,44.84453,-0.55786,,True,
397,08db1aee-da18-452f-8088-744bf01b9cc8,dott-paris,Dott Paris,Paris,id_old817512G200509052666,48.84203,2.393,,True,
398,b5498479-4342-4666-b95f-e7021f26423c,bird-bordeaux,Bird Bordeaux,Bordeaux,"10 Quai de Brazza, 33100 Bordeaux, France",44.8537,-0.5551,,True,
399,angers_parking_6_zidYNR7IPII,pony_Angers,Pony Angers,Angers,angers_parking_6_zidYNR7IPII,47.48929,-0.56118,,True,
400,Herouville_19_Avenue_du_Bois,pony_Herouville,Pony Herouville,Herouville-Saint-Clair,Herouville_19_Avenue_du_Bois,49.28151,-0.27067,,True,
401,perpignan_parking_Station_2___18_avenue_Pablo_Cassals_zid4QL5CE5X,pony_Perpignan,Pony Perpignan,Perpignan,perpignan_parking_Station_2___18_avenue_Pablo_Cassals_zid4QL5CE5X,42.64164,2.86971,,True,
402,paris_parking_WASHINGTON_zidPNE01JFZ,pony_paris,Pony Paris,Paris,paris_parking_WASHINGTON_zidPNE01JFZ,48.87445,2.30495,2.0,True,
403,1378,citiz_provence,Citiz Provence,Marseille,NE PAS RESERVER,43.49477,5.43823,20.0,False,
404,bordeaux_parking_Arceau_11589_zidFIOOJ06W,pony_bordeaux,Pony Bordeaux,Bordeaux,bordeaux_parking_Arceau_11589_zidFIOOJ06W,44.86491,-0.55006,,True,
405,692,citiz_gironde,Citiz Gironde,Bordeaux,Cours du Médoc / Tatry,44.86344,-0.57252,2.0,False,
406,284,citiz_angers,Citiz Angers,Angers,Giffard Langevin,47.46328,-0.55906,3.0,False,
407,0afb4235-451c-40e7-bc8c-dd0c454bcf6c,dott-paris,Dott Paris,Paris,id_43688,48.84234,2.31325,,True,
408,5bce202c-6c78-445e-88db-c62900adf010,dott-bordeaux,Dott Bordeaux,Bordeaux,ARCEAU_VELO,44.85167,-0.54149,,True,
409,7c9849a4-a182-43b9-ad09-40af5d90c56c,dott-paris,Dott Paris,Paris,Bd de Courcelles (4),48.88039,2.30975,,True,
410,113,mvelo_plus_grenoble,Mvélo+,Grenoble,SAINT-NAZAIRE-LES-EYMES-RD1090,45.25641,5.84733,,True,
411,18,toulouse,VélÔToulouse,Toulouse,STRASBOURG - JAURÈS,43.60635,1.44813,24.0,False,
412,14813797734,Paris,Vélib' Metropole,Paris,Raspail Barbès,48.85299,2.42474,28.0,False,
413,3e9e6e47-683c-4698-8c25-dd3dc325d08f,voi_Le_Havre,Voi Le Havre,Le Havre,T_185,49.48739,0.10689,10.0,True,
414,limoges_parking_Place_d_Aine_zid6Z6X6R43,pony_Limoges,Pony Limoges,Limoges,limoges_parking_Place_d_Aine_zid6Z6X6R43,45.83014,1.2554,,True,
415,a5eb976f-1268-4e9d-b428-b928aedc4803,bird-vichy,Bird Vichy,Vichy,"8 D326, 03200 Vichy, France",46.12,3.42549,,True,
416,5e7a2478-08fd-4764-a179-f18ee9b90158,dott-paris,Dott Paris,Paris,id_41366,48.85632,2.29275,,True,
417,lorient_parking_11063281151_zid7MOIZCNT,pony_Lorient,Pony Lorient,Lorient,lorient_parking_11063281151_zid7MOIZCNT,47.75101,-3.36813,,True,
418,cj3rgm30nhco6k0c34dg,vilvolt_epinal,Vilvolt,Épinal,Laufromont,48.17248,6.46179,15.0,False,
419,35001,lyon,Vélo'v,Lyon,ST GERMAIN AU MONT D'OR,45.88754,4.804,15.0,False,
420,paris_parking_MONTERA_zidCHYITTP5,pony_paris,Pony Paris,Paris,paris_parking_MONTERA_zidCHYITTP5,48.84552,2.40947,2.0,True,
421,745,mp_OSSAU,VALLEE D'OSSAU,Arundy,Arudy,43.10392,-0.42827,7.0,False,
422,1758,citiz_grand_est,Citiz Grand Est,Strasbourg,Colette (Poteries),48.58704,7.69848,1.0,False,
423,343,citiz_lille_arras,Citiz Lille Arras,Lille,CROISE LAROCHE,50.66596,3.104,10.0,False,
424,cj5r0ob0nhco6k5fn5ig,auxrmlevelo,AuxR_M le vélo,Auxerre,Auxerre IUT,47.78921,3.59213,35.0,False,
425,1f17263e-1e89-4945-adcc-b9fc4744b588,dott-paris,Dott Paris,Paris,id_40717,48.83478,2.29157,,True,
426,41523981,Paris,Vélib' Metropole,Paris,Mairie du 15ème,48.84178,2.29865,46.0,False,
427,Bourges_parking_185,pony_Bourges,Pony Bourges,Bourges,Bourges_parking_185,47.1017,2.40018,,True,
428,st_d1a2b5kdlg9eg0lhb7og,auxrmlevelo,AuxR_M le vélo,Auxerre,Venoy La Brosse,47.79078,3.65181,20.0,False,
429,0643fa4b-abae-4400-80e5-ccae3c039a48,dott-paris,Dott Paris,Paris,id_old985010G200509052736,48.84803,2.40358,,True,
430,0f89b990-7654-4637-87d1-c9efe913022b,voi_Marseille,Voi Marseille,Marseille,T05_64,43.28728,5.39566,5.0,True,
431,8862a173-8d64-4320-a1a6-fe5cd72194b0,dott-paris,Dott Paris,Paris,id_7216,48.87911,2.36325,,True,
432,390212609,Paris,Vélib' Metropole,Paris,Théophile Gautier - François Millet,48.85035,2.27303,30.0,False,
433,bordeaux_parking_Arceau_12239_zid34DZLEQ1,pony_bordeaux,Pony Bordeaux,Bordeaux,bordeaux_parking_Arceau_12239_zid34DZLEQ1,44.86292,-0.5668,,True,
434,1172,citiz_metropole_lyon,Citiz Métropole Lyon,Lyon,Lyon 2ème - Franklin,45.75175,4.83094,3.0,False,
435,6011,lyon,Vélo'v,Lyon,MAIRIE DU 6E,45.7684,4.8494,23.0,False,
436,bordeaux_parking_Arceau_11935_zidK2O2LORB,pony_bordeaux,Pony Bordeaux,Bordeaux,bordeaux_parking_Arceau_11935_zidK2O2LORB,44.84837,-0.5981,,True,
437,5a8de6bd-8067-4970-9be4-332f1933e8dc,dott-bordeaux,Dott Bordeaux,Bordeaux,ARCEAU_VELO,44.84314,-0.60671,,True,
438,42921455-c37a-4b6b-8944-30d34fd282f4,dott-paris,Dott Paris,Paris,id_31251,48.8566,2.40915,,True,
439,1074339090,Paris,Vélib' Metropole,Paris,Stade Pershing,48.82911,2.45835,26.0,False,
440,angers_parking_10_zidZ6BJ4PEB,pony_Angers,Pony Angers,Angers,angers_parking_10_zidZ6BJ4PEB,47.46394,-0.53054,,True,
441,538516101,nextbike_ah,VélO2,FR,La Louvière,49.04547,2.00308,11.0,False,
442,paris_parking_FLEURUS_zidPBSJ38U4,pony_paris,Pony Paris,Paris,paris_parking_FLEURUS_zidPBSJ38U4,48.8465,2.32743,1.0,True,
443,870ad6c3-00ed-41ac-b938-a9ea0aaf2590,dott-paris,Dott Paris,Paris,id_49896,48.87248,2.33519,,True,
444,stn_nrwJaMwwFsDozCnotmDuHR,ogalo,Ogalo Cyclette,Saumur,CV Orléans,47.2594,-0.07888,6.0,False,
445,e6fed684-2e26-4228-b014-82c372b4aebc,dott-paris,Dott Paris,Paris,id_54953,48.87155,2.38285,,True,
446,1146,citiz_metropole_lyon,Citiz Métropole Lyon,Lyon,Lyon 6ème - Musée Guimet,45.77386,4.84946,2.0,False,
447,54000561,Paris,Vélib' Metropole,Paris,Lamartine - Faubourg Montmartre,48.87661,2.33977,32.0,False,
448,da1295a9-fab0-45a5-a1bc-69f910914590,dott-paris,Dott Paris,Paris,id_36225,48.89273,2.33995,,True,
449,796,citiz_alpes_loire,Citiz Alpes Loire,Grenoble,Bajatière,45.17866,5.73602,2.0,False,
450,538cbfa1-5b88-4f7f-8b9a-a0dfbd2c0ac3,voi_SQY,Voi Saint-Quentin-en-Yvelines,Saint-Quentin-en-Yvelines,Fontenay_002,48.80752,2.04046,8.0,True,
451,bordeaux_parking_Arceau_13551_zidOLEPY9QO,pony_bordeaux,Pony Bordeaux,Bordeaux,bordeaux_parking_Arceau_13551_zidOLEPY9QO,44.8272,-0.57019,,True,
452,27415224,Paris,Vélib' Metropole,Paris,Bir Hakeim,48.85384,2.28971,33.0,False,
453,3294f9b4-cb55-4c8e-9cd9-cf4ac21d2a3c,dott-paris,Dott Paris,Paris,id_56998,48.87835,2.40917,,True,
454,043,montpellier,Vélomagg,Montpellier,Sabines,43.58421,3.86003,8.0,False,
455,1792,citiz_grand_est,Citiz Grand Est,Strasbourg,Mésanges - Ouverture Automne 2026,48.08624,7.33145,1.0,False,
456,13,v_lille,V'lille,Lille,Quai du Wault,50.63671,3.05477,18.0,False,
457,1039,citiz_alpes_loire,Citiz Alpes Loire,Grenoble,Nestor Cornier (2),45.18139,5.72784,3.0,False,
458,8a709303-500c-4129-8803-3c0cc62f9242,bird-sarreguemines,Bird Sarreguemines,Sarreguemines,"15 Rue Jean Baptiste Dumaire, 57200 Sarreguemines, France",49.10773,7.08757,,True,
459,1158,citiz_metropole_lyon,Citiz Métropole Lyon,Lyon,Lyon 3ème - Docteur Long-Vitton,45.75296,4.89496,3.0,False,
460,5d7ce8f1-a941-47d5-b58b-7543719a8800,bird-millau,Bird Millau,Millau,"525 Rue de Naulas, 12100 Millau, France",44.09451,3.05813,,True,
461,102,velo-tbm-bordeaux,Le Vélo par TBM,Bordeaux,Place de la Bourse,44.8403,-0.56914,39.0,False,
462,stn_NFyf3iRrQVGWwXbncTH959,tlpmobilites,TLP Mobilites,Tarbes,PIC DU JER,43.08386,-0.0442,4.0,False,
463,stn_9A7kPJo2KAEErpZFBWy6Yr,cyclam,Cycl'AM,Ardenne Métropole,Balan Mairie,49.68963,4.95977,8.0,False,
464,bordeaux_parking_Marquage_80402_zid8LFX8LDS,pony_bordeaux,Pony Bordeaux,Bordeaux,bordeaux_parking_Marquage_80402_zid8LFX8LDS,44.84258,-0.57838,,True,
465,5129ce99-61a4-4344-8ea6-e64641b9acc0,dott-paris,Dott Paris,Paris,id_old139001D20111206135319,48.87583,2.37412,,True,
466,bordeaux_parking_Arceau_12929_zid57OUBYEL,pony_bordeaux,Pony Bordeaux,Bordeaux,bordeaux_parking_Arceau_12929_zid57OUBYEL,44.83634,-0.58005,,True,
467,ce4bhqp2rcd13ifvqhng,levelo_inurba_marseille,levélo - Marseille,Marseille,Sainte-Marthe - Glacière,43.31756,5.39017,20.0,False,
468,0555fa0c-18cd-4005-877b-591ea05b935a,bird-vichy,Bird Vichy,Vichy,"1 Rue Demonet, 03200 Vichy, France",46.13359,3.42663,,True,
469,1507,citiz_la_rochelle,Citiz La Rochelle,La Rochelle,PISCINE,46.1688,-1.15388,2.0,False,
470,stn_JPYqriTdh8Rnyv2sHdzxEs,capcotentin,CapCotentin,Cherbourg-en-Cotentin,Querqueville Plage,49.66804,-1.69679,6.0,False,
471,03fb546f-7d3b-4a20-9a39-c252c4394f11,bird-bordeaux,Bird Bordeaux,Bordeaux,"33 Cr de Québec, 33300 Bordeaux, France",44.87883,-0.57102,,True,
472,366,citiz_metropole_lyon,Citiz Métropole Lyon,Lyon,Lyon 2ème - Parking LPA Antonin Poncet,45.75642,4.83499,3.0,False,
473,stn_5hULajDnT58G6ACrSc4vjv,chantrerie,Naolib Micromob',Chantrerie,Restaurant interentreprises,47.2249,-1.64668,12.0,True,
474,d0ea1a73-19fb-4034-b542-86c37f5c9724,dott-lyon,Dott Lyon,Lyon,av mutualisés lyon 8,45.73306,4.85353,,True,
475,da347797-62b9-4bdd-b380-2ce3dca25518,dott-versailles-grand-parc,Dott Versailles Grand-Parc,Versailles,LCSC - DES SABLONS,48.85823,2.14515,,True,
476,5ee942ce-f434-4dfd-b1d5-014b3e7a55cc,dott-paris,Dott Paris,Paris,id_45278,48.88203,2.33454,,True,
477,cc3131e4-b91d-4820-9e47-0e3ad91dab24,dott-paris,Dott Paris,Paris,id_35365,48.86595,2.30146,,True,
478,af99a743-cd52-4867-8db8-81b46547b440,dott-bordeaux,Dott Bordeaux,Bordeaux,ARCEAU_VELO,44.87866,-0.56869,,True,
479,0a9028bf-61c2-48de-aae8-13c8c565c89c,dott-paris,Dott Paris,Paris,id_old058005G20080725153834,48.88276,2.2824,,True,
480,cpbfgi40a5bcngo02tlg,velopop,Vélopop,Avignon,Pont des Deux Eaux,43.94629,4.84307,20.0,False,
481,83,toulouse,VélÔToulouse,Toulouse,SÉJOURNÉ - AMIDONNIERS,43.60569,1.42822,17.0,False,
482,653139063,Paris,Vélib' Metropole,Paris,Pont de Suresnes,48.86742,2.22589,18.0,False,
483,perpignan_parking_BikeRack_Lidl_centre_zidKGHYIDOP,pony_Perpignan,Pony Perpignan,Perpignan,perpignan_parking_BikeRack_Lidl_centre_zidKGHYIDOP,42.68621,2.90793,,True,
484,197,toulouse,VélÔToulouse,Toulouse,PUJOL - PÉRIGNON,43.60036,1.46404,20.0,False,
485,5f537d12-8166-4c69-a3b9-92824b8024a8,bird-bordeaux,Bird Bordeaux,Bordeaux,"46 Pl. des Capucins, 33800 Bordeaux, France",44.8309,-0.56818,,True,
486,stn_QgVjDYKACbc4Y9VwPSDbqv,beb,Rubis'Velo,Bourg-en-Bresse,ALAGNIER,46.19484,5.27254,10.0,False,
487,974,citiz_alpes_loire,Citiz Alpes Loire,Grenoble,Mairie de Bluffy,45.86831,6.21837,2.0,False,
488,08927d3b-4582-4af3-9398-ab43ce852f30,dott-bordeaux,Dott Bordeaux,Bordeaux,ARCEAU_VELO,44.84582,-0.55105,,True,
489,paris_parking_DOCTEUR_BLANCHE_zidWR66VUJJ,pony_paris,Pony Paris,Paris,paris_parking_DOCTEUR_BLANCHE_zidWR66VUJJ,48.85407,2.2655,1.0,True,
490,1790,citiz_grand_est,Citiz Grand Est,Strasbourg,Porte St Nicolas - Ouverture prochaine,48.68562,6.18587,1.0,False,
491,30550,Paris,Vélib' Metropole,Paris,Mairie du 9ème,48.87327,2.34075,24.0,False,
492,1611,citiz_bfc,Citiz BFC,Besançon,Les Oiseaux,47.2542,6.03542,2.0,False,
493,653190196,Paris,Vélib' Metropole,Paris,LCL Campus - Place Oscar Niemeyer,48.80534,2.36398,37.0,False,
494,1c151695-8a53-45e3-8471-90bfc7b3d5cd,bird-montlucon,Bird Montlucon,Montluçon,"18 Rue des Chaufourniers, 03100 Montluçon, France",46.34435,2.58813,,True,
495,201,velo-tbm-bordeaux,Le Vélo par TBM,Bordeaux,Hôpital Suburbain,44.86736,-0.6177,18.0,False,
496,102328355,Paris,Vélib' Metropole,Paris,Place Denfert-Rochereau,48.84325,2.24599,20.0,False,
497,2f310b26-6247-49d8-80dd-8de8f6509da3,bird-bordeaux,Bird Bordeaux,Bordeaux,"19 Pl. Gambetta, 33000 Bordeaux, France",44.84061,-0.58104,,True,
498,perpignan_parking_Place_Gabriel_Peri_zid21R4RQR9,pony_Perpignan,Pony Perpignan,Perpignan,perpignan_parking_Place_Gabriel_Peri_zid21R4RQR9,42.69859,2.89157,,True,
499,e2a17563-7874-495e-8c78-c4de6e84b134,dott-paris,Dott Paris,Paris,id_old336403G20081021150959,48.82659,2.34794,,True,
500,54000587,Paris,Vélib' Metropole,Paris,Mairie du 14ème,48.83255,2.32549,32.0,False,
